Sample_ID,Model,System_Prompt,Question,Context,Ground_Truth_Answer,Extracted_Keywords_Initial,Keyword_Helpfulness_Scores,Keyword_Recall_Score_Initial,Extracted_Keywords_After_Filter,Keyword_Recall_Score_After_Filter,Filtered_Noise_Keywords,Extract_EN_Answer,Extract_EN_ROUGE-L,Extract_EN_BLEU,Extract_EN_METEOR,Extract_EN_BERTScore-F1,"Extract_EN_Avg-Score
Keywords","Extract_EN_Answer
No keywords","Extract_EN_Avg-Score
No keywords"
0,unsloth/Qwen3-0.6B-unsloth-bnb-4bit,Expert_SP_EN,Thành ph?n chính có trong thu?c Acyclovir Stella 800 mg là gì?,"Thu?c Acyclovir Stella 800 mg ???c s?n xu?t b?i Công ty TNHH Liên Doanh Stellapharm. Thu?c ? d?ng viên nén, có thành ph?n chính là acyclovir. Ho?t ch?t này có tác d?ng ?i?u tr? nhi?m virus Herpes simplex, b?nh zona và b?nh thu? ??u.",Ho?t ch?t chính c?a thu?c Acyclovir Stella 800 mg là acyclovir.,"['Stella', 'Công ty TNHH', 'TNHH Liên Doanh', 'thu?c Acyclovir', 'Thành ph?n chính']","[0.5857, 0.4701, 0.4292, 0.8707, 0.6058]",0.4,['thu?c Acyclovir'],0.5,[],Thu?c Acyclovir Stella 800 mg có thành ph?n chính là acyclovir.,0.5161,0.317,0.7361,0.8884,0.6144,Thành ph?n chính có trong thu?c Acyclovir Stella 800 mg là acyclovir.,0.7341
1,unsloth/Qwen3-0.6B-unsloth-bnb-4bit,Expert_SP_EN,Thu?c Bioflora có th? dùng cho nh?ng ??i t??ng nào?,"Thu?c Bioflora nên ???c b?o qu?n ? n?i khô ráo, tránh ?m, nhi?t ?? d??i 30°C, tránh ánh sáng. ?? xa t?m tay tr? em. Không dùng thu?c quá th?i h?n s? d?ng Thu?c Bioflora (saccharomyces boulardii) là lo?i thu?c ?i?u tr? tiêu ch?y c?p, dùng ???c cho c? ng??i l?n và tr? em. Trên ?ây là nh?ng thông tin tham kh?o t? YouMed v? thu?c Bioflora. N?u có b?t c? v?n ?? gì liên quan, hãy liên h? v?i bác s? hay d??c s? ?? ???c t? v?n c? th?.",Thu?c Bioflora dùng ???c cho c? ng??i l?n và tr? em.,"['Thu?c', 'Bioflora', 't??ng nào', '??i t??ng', 'cho nh?ng ??i']","[0.6089, 0.7693, 0.3674, 0.4222, 0.4976]",0.4,"['Bioflora', 'Thu?c']",1,[],Thu?c Bioflora có th? dùng cho c? ng??i l?n và tr? em.,0.9032,0.6263,0.8999,0.9639,0.8483,Thu?c Bioflora có th? dùng cho c? ng??i l?n và tr? em.,0.8483
2,unsloth/Qwen3-0.6B-unsloth-bnb-4bit,Expert_SP_EN,Có th? s? d?ng CellCept v?i Azathioprine hay không?,"Vui lòng cho bác s? ho?c d??c s? c?a b?n bi?t n?u b?n ?ang dùng ho?c g?n ?ây ?ã s? d?ng b?t k? lo?i thu?c nào khác, bao g?m: - Azathioprine ho?c các lo?i thu?c khác ?c ch? h? th?ng mi?n d?ch c?a b?n – ???c ch? ??nh sau khi th?c hi?n c?y ghép.
- Cholestyramine – ???c s? d?ng ?? ?i?u tr? cholesterol cao.
- Rifampicin – m?t lo?i kháng sinh ???c s? d?ng ?? ng?n ng?a và ?i?u tr? các b?nh nhi?m trùng nh? b?nh lao.
- Thu?c ?i?u tr? các b?nh v? d? dày: esomeprazol, pantoprazol.
- Kháng sinh – dùng ?? ?i?u tr? nhi?m khu?n.
- Isavuconazole – ???c s? d?ng ?? ?i?u tr? nhi?m n?m.
- Telmisartan – dùng ?? ?i?u tr? t?ng huy?t áp.",C?n tham kh?o ý ki?n bác s? vì Azathioprine c?ng là m?t lo?i thu?c có th? ?c ch? h? mi?n d?ch c?a b?n.,"['?i?u', 'hay không', 'CellCept v?i', 'v?i Azathioprine', 'Azathioprine hay']","[0.445, 0.4192, 0.7321, 0.8002, 0.7206]",0,"['v?i Azathioprine', 'CellCept v?i', 'Azathioprine hay']",0,[],"Có, b?n có th? s? d?ng CellCept v?i Azathioprine.",0.2609,0,0.1639,0.7452,0.2925,"Không, b?n không nên s? d?ng CellCept v?i Azathioprine.",0.2631
3,unsloth/Qwen3-0.6B-unsloth-bnb-4bit,Expert_SP_EN,B?nh n?m da chân có th? lây lan sang nh?ng b? ph?n nào c?a c? th??,"B?nh có th? lây lan sang các b? ph?n khác c?a c? th?, bao g?m: - Tay: Nh?ng ng??i cào gãi ho?c ch?c ngoáy vào các v? trí b? nhi?m n?m c?a bàn chân có th? b? nhi?m trùng t??ng t? ? m?t trong hai bàn tay c?a h?.
- Móng: Các lo?i n?m liên quan ??n b?nh n?m da chân c?ng có th? lây nhi?m sang móng chân c?a b?n. ?ây là m?t v? trí có xu h??ng khó ?i?u tr? h?n.
- Vùng b?n: N?m b?n th??ng do cùng m?t lo?i n?m gây ra b?nh n?m da chân. Tình tr?ng nhi?m trùng th??ng lây lan t? chân ??n b?n vì n?m có th? di chuy?n t? tay ho?c trên kh?n c?a b?n.","B?nh n?m da chân có th? lây lan sang tay, móng và vùng b?n.","['th?', 'n?m', 'lây lan', 'ph?n nào c?a', 'lan sang các']","[0.4941, 0.6674, 0.6163, 0.5242, 0.4554]",0.6,"['n?m', 'lây lan']",0.6667,[],"B?nh n?m da chân có th? lây lan sang các b? ph?n khác c?a c? th?, bao g?m: - Tay: Nh?ng ng??i cào gãi ho?c ch?c ngoáy vào các v? trí b? nhi?m n?m c?a bàn chân có th? b? nhi?m trùng t??ng t? ? m?t trong hai bàn tay c?a h?. - Móng: Các lo?i n?m liên quan ??n b?nh n?m da chân c?ng có th? lây nhi?m sang móng chân c?a b?n. - Vùng b?n: N?m b?n th??ng do cùng m?t lo?i n?m gây ra b?nh n?m da chân.",0.2424,0.0849,0.5258,0.7556,0.4022,"B?nh n?m da chân có th? lây lan sang các b? ph?n khác c?a c? th?, bao g?m: - Tay: Nh?ng ng??i cào gãi ho?c ch?c ngoáy vào các v? trí b? nhi?m n?m c?a bàn chân có th? b? nhi?m trùng t??ng t? ? m?t trong hai bàn tay c?a h?. - Móng: Các lo?i n?m liên quan ??n b?nh n?m da chân c?ng có th? lây nhi?m sang móng chân c?a b?n. - Vùng b?n: N?m b?n th??ng do cùng m?t lo?i n?m gây ra b?nh n?m da chân.",0.4022
4,unsloth/Qwen3-0.6B-unsloth-bnb-4bit,Expert_SP_EN,Ancaloit và dipeptide ???c tìm th?y trong ??a c?t bì là h?p ch?t gì?,"Theo h? D??c h?c Vi?n Nghiên c?u Y h?c B?c kinh n?m 1958, trong ??a c?t bì có: - 0,08% ancaloit (kukoamin) và dipeptide là lyciumamid.
- 1,07% saponin không có ph?n ?ng anthraglucozit và tanin.","Ancaloit trong ??a c?t bì là kukoamin, trong khi dipeptide là lyciumamid.","['??a c?t', 'trong ??a', '???c tìm th?y', 'D??c h?c Vi?n', 'tìm th?y trong', 'Vi?n Nghiên c?u', 'dipeptide ???c tìm']","[0.6591, 0.5439, 0.5168, 0.5067, 0.5769, 0.4346, 0.7109]",0.2857,"['dipeptide ???c tìm', '??a c?t', 'tìm th?y trong']",0.5,[],Ancaloit và dipeptide ???c tìm th?y trong ??a c?t bì là lyciumamid.,0.5714,0.3688,0.592,0.875,0.6018,Ancaloit và dipeptide ???c tìm th?y trong ??a c?t bì là h?p ch?t lyciumamid.,0.5499
5,unsloth/Qwen3-0.6B-unsloth-bnb-4bit,Expert_SP_EN,Nh?ng nguyên nhân nào khác ngoài tác d?ng ph? c?a thu?c có th? gây t?ng Acid uric máu?,"M?t s? nguyên nhân ít g?p h?n có th? gây ra tình tr?ng t?ng Acid uric máu bao g?m: - M?c các b?nh nh?: suy giáp, ?ái tháo ???ng, b?nh v?y n?n.
- Tình tr?ng th?a cân, béo phì.
- U?ng quá nhi?u r??u bia ho?c các th?c u?ng có c?n.
- S? d?ng th??ng xuyên thu?c l?i ti?u và thu?c ?c ch? mi?n d?ch.
- Huy?t áp cao.
- Ph?i nhi?m chì, th?y ngân, thu?c tr? sâu,…","?n u?ng thi?u ch?t, béo phì, v?n ??ng ít và u?ng r??u bia quá m?c ??u có th? gây t?ng n?ng ?? Acid uric trong máu.","['Acid uric', 't?ng Acid', 'nhân nào khác', 'nào khác ngoài', 'khác ngoài tác', 'Nh?ng nguyên nhân']","[0.7804, 0.6666, 0.4334, 0.455, 0.4373, 0.5728]",0.1667,"['Acid uric', 't?ng Acid', 'Nh?ng nguyên nhân']",1,[],"Các nguyên nhân khác ngoài tác d?ng ph? c?a thu?c có th? gây t?ng Acid uric máu bao g?m: th?a cân, béo phì, u?ng quá nhi?u r??u bia ho?c các th?c u?ng có c?n, s? d?ng th??ng xuyên thu?c l?i ti?u và thu?c ?c ch? mi?n d?ch, huy?t áp cao, ph?i nhi?m chì, th?y ngân, thu?c tr? sâu,…",0.2815,0.0864,0.4258,0.7695,0.3908,"Các nguyên nhân khác ngoài tác d?ng ph? c?a thu?c có th? gây t?ng Acid uric máu bao g?m: th?a cân, béo phì, u?ng quá nhi?u r??u bia ho?c các th?c u?ng có c?n, s? d?ng th??ng xuyên thu?c l?i ti?u và thu?c ?c ch? mi?n d?ch, huy?t áp cao, ph?i nhi?m chì, th?y ngân, thu?c tr? sâu.",0.3971
6,unsloth/Qwen3-0.6B-unsloth-bnb-4bit,Expert_SP_EN,Ho?t ??ng hóa h?c c?a d?ch chi?t t? lá rau mu?ng có kh? n?ng mang l?i nh?ng hi?u qu? gì?,"Ho?t ??ng th?n kinh trung ??ng: Ch?ng tr?m c?m, ch?ng ??ng kinh, gi?i lo âu. Ho?t ??ng hóa h?c t? d?ch chi?t lá cho th?y có kh? n?ng ch?ng viêm, viêm kh?p, ch?ng vi khu?n, ch?ng loét. Thông qua ?c ch? prostaglandin. Kháng v?i m?t s? lo?i ??c côn trùng.","Ho?t ??ng hóa h?c c?a d?ch chi?t t? lá rau mu?ng có kh? n?ng ch?ng viêm, viêm kh?p, ch?ng vi khu?n, ch?ng loét.","['Ho?t ??ng', 'hóa h?c c?a', '??ng hóa h?c', 'h?c c?a d?ch', 'n?ng mang l?i', 'kh? n?ng mang', 'mang l?i nh?ng', 'l?i nh?ng hi?u', 'nh?ng hi?u qu?']","[0.5269, 0.5091, 0.5463, 0.6012, 0.4942, 0.5012, 0.4563, 0.4327, 0.5612]",0.4444,"['h?c c?a d?ch', 'nh?ng hi?u qu?']",0.25,[],"Ho?t ??ng hóa h?c c?a d?ch chi?t t? lá rau mu?ng có kh? n?ng ch?ng viêm, viêm kh?p, ch?ng vi khu?n, ch?ng loét.",1,1,1,1,1,"Ho?t ??ng hóa h?c c?a d?ch chi?t t? lá rau mu?ng có kh? n?ng ch?ng viêm, viêm kh?p, ch?ng vi khu?n, ch?ng loét.",1
7,unsloth/Qwen3-0.6B-unsloth-bnb-4bit,Expert_SP_EN,Cây D??ng ?a sáng có ??c ?i?m gì?,"D??ng là loài cây khá quen thu?c, phân b? r?ng rãi kh?p n?i, t? vùng núi cao d??i 1000m ??n vùng trung du, ??ng b?ng và h?i ??o. Cây ?a sáng, m?c nhanh và có th? s?ng ???c trên nhi?u lo?i ??t. Qu? chín có v? ng?t, là th?c ?n c?a chim và nhi?u lo?i g?m nh?m. H?t gi?ng qua phân c?a các loài ??ng v?t này phân tán kh?p n?i. T? th?i c? x?a, ng??i Trung qu?c và Nh?t B?n ?ã s? d?ng v? c?a các lo?i D??ng ?? làm gi?y. Lá non ???c ??ng bào vùng Tây B?c n??c ta dùng làm rau nuôi l?n, trâu bò…",Cây D??ng ?a sáng có ??c ?i?m m?c nhanh và có th? s?ng ???c trên nhi?u lo?i ??t.,"['Cây', 'n?i', 'lo?i', 'phân', 'sáng', 'D??ng', '??c ?i?m']","[0.6754, 0.4565, 0.517, 0.4966, 0.6165, 0.6844, 0.6086]",0.7143,"['D??ng', 'Cây', 'sáng', '??c ?i?m']",0.8,['c?a'],"Cây D??ng ?a sáng, m?c nhanh và có th? s?ng ???c trên nhi?u lo?i ??t.",0.92,0.7363,0.8502,0.95,0.8641,"Cây D??ng ?a sáng, m?c nhanh và có th? s?ng ???c trên nhi?u lo?i ??t.",0.8641
8,unsloth/Qwen3-0.6B-unsloth-bnb-4bit,Expert_SP_EN,Ng??i dùng quá li?u Alzental Shinpoong c?n mang theo nh?ng gì khi ??n b?nh vi?n?,"Khi quá li?u Alzental Shinpoong, b?nh nhân s? có tri?u ch?ng nh? ph?n ?ng s?c ph?n v?, phát ban, r?ng tóc nhi?u. Nhi?u bi?u hi?n nghiêm tr?ng h?n nhi?u nh? suy gi?m b?ch c?u, suy gi?m ch?c n?ng gan.4 Do ?ó, hãy ??n b?nh vi?n ngay l?p t?c và mang theo thu?c ?? bác s? có th? tìm lí do d? dàng và x? trí k?p th?i.",Ng??i dùng quá li?u Alzental Shinpoong c?n mang theo lo?i thu?c ?ã s? d?ng ?? bác s? có th? tìm hi?u nguyên nhân và x? trí k?p th?i.,"['Ng??i dùng', 'li?u Alzental', 'dùng quá li?u', 'Shinpoong c?n', 'Alzental Shinpoong']","[0.4623, 0.7633, 0.6732, 0.6578, 0.7675]",1,"['Alzental Shinpoong', 'li?u Alzental', 'dùng quá li?u', 'Shinpoong c?n']",0.8,[],Ng??i dùng quá li?u Alzental Shinpoong c?n mang theo thu?c ?? bác s? có th? tìm lí do d? dàng và x? trí k?p th?i.,0.7838,0.5949,0.7642,0.9122,0.7638,"Khi ??n b?nh vi?n, ng??i dùng quá li?u Alzental Shinpoong c?n mang theo thu?c ?? bác s? có th? tìm lí do d? dàng và x? trí k?p th?i.",0.7213
9,unsloth/Qwen3-0.6B-unsloth-bnb-4bit,Expert_SP_EN,Cây hoa mào gà thành ph?n có ch?t gì ?? có tác d?ng ch?a b?nh?,"Ph?n trên m?t ??t c?a Mào gà tr?ng ch?a 21,51% protein, nhi?u K, isoflavone. Trong h?t Mào gà tr?ng có ch?a ch?t béo, các ch?t khác và ho?t ch?t nh? Polysaccharid acid là celosian v?i tác d?ng b?o v? gan. Cây Mào gà ?? ch?a kaempfertrin, amaranthin, purit.","Cây hoa mào gà có các thành ph?n nh? Polysaccharid acid celosian, kaempfertrin, amaranthin, purit. Nh?ng thành ph?n này có tác d?ng b?o v? gan.","['mào', 'Cây hoa', 'ch?a b?nh', 'thành ph?n', 'tác d?ng ch?a']","[0.5666, 0.5986, 0.5255, 0.5923, 0.5748]",0.6,"['Cây hoa', 'thành ph?n', 'tác d?ng ch?a', 'mào']",1,[],"Cây hoa mào gà thành ph?n có ch?t protein, nhi?u K, isoflavone ?? có tác d?ng ch?a b?nh.",0.5,0.1309,0.4119,0.7931,0.459,"Cây hoa mào gà ch?a các ch?t nh? protein, nhi?u K, isoflavone, ch?t béo, các ch?t khác và ho?t ch?t nh? Polysaccharid acid là celosian v?i tác d?ng b?o v? gan.",0.535
10,unsloth/Qwen3-0.6B-unsloth-bnb-4bit,Expert_SP_EN,Nh?ng ??i t??ng th??ng g?p ch?ng m?t ng??,"Kh?i phát tri?u ch?ng m?t ng? có th? g?p ? b?t kì giai ?o?n nào trong cu?c ??i, nh?ng giai ?o?n ??u tiên th??ng ph? bi?n ? nh?ng ng??i tr?. Ít khi, m?t ng? ng? x?y ra ? tr? em và tr? v? thành niên. ? ph? n?, m?t kh?i phát m?t ng? m?i có th? x?y ra th?i kì mãn kinh và có th? kéo dài dù nh?ng tri?u ch?ng mãn kinh khác không còn n?a nh? c?m giác b?c h?a. M?t ng? có th? kh?i phát ? giai ?o?n tr? c?a cu?c ??i liên quan ??n kh?i phát nh?ng tình tr?ng y khoa liên quan. M?t ng? có th? là m?t tr?ng thái c?p, dai d?ng hay tái phát. M?t m?t ng? c?p th??ng kéo dài vài ngày hay vài tu?n th??ng liên quan ??n nh?ng s? ki?n trong ??i s?ng ho?c thay ??i ??ng h? sinh h?c ho?c môi tr??ng s?ng. ??i v?i m?t vài cá nhân, m?t ng? có th? ???c gi?i quy?t khi nh?ng s? ki?n ?ó m?t ?i. ??i v?i m?t vài tr??ng h?p khác, m?t ng? có th? kéo dài dai d?ng dù s? ki?n kh?i phát ?ã không còn. Nh?ng y?u t? làm m?t ng? có th? khác v?i nh?ng y?u t? gây m?t ng? kéo dài. Ví d? m?t ng??i n?m li?t gi??ng kèm ?au do ch?n th??ng và khó ng? có th? phát tri?n nh?ng y?u t? b?t l?i ??i v?i gi?c ng?. Tình tr?ng th?c t?nh có th? dai d?ng và d?n ??n m?t ng? dai d?ng. M?t di?n ti?n t??ng t? có th? ti?n tri?n trong b?i c?nh c?a m?t stress tâm lý ho?c r?i lo?n tâm th?n. Ví d?, m?t ng? có th? x?y ra trong m?t giai ?o?n ??u tiên c?a r?i lo?n tr?m c?m ch? y?u có th? tr? thành tâm ?i?m c?a t?p trung v?i nh?ng tình tr?ng k?t qu? âm tính, và dai d?ng sau khi giai ?o?n tr?m c?m ???c gi?i quy?t. Trong m?t tr??ng h?p c?ng có th? kh?i phát âm th?m mà không có y?u t? thúc ??y. Di?n ti?n c?a m?t ng? có th? là nh?ng giai ?o?n v?i nh?ng ??t tái phát liên quan ??n nh?ng s? ki?n stress. T? l? mãn tính t? 45 – 75% cho nh?ng case theo dõi t? 1 – 7 n?m. ??c ?i?m c?a m?t ng? có th? thay ??i theo th?i gian. Nhi?u cá nhân r?i lo?n gi?c ng? nh? tr??c khi có nh?ng v?n ?? dai d?ng v? gi?c ng?. Nh?ng than phi?n v? gi?c ng? th??ng g?p ? trung niên và ng??i già. Nh?ng d?ng c?a tri?u ch?ng m?t ng? thay ??i theo tu?i, khó vào gi?c ng? th??ng g?p ? ng??i tr? tr??ng thành, khó duy trì gi?c ng? th??ng g?p ? ng??i trung niên và ng??i già. Khó ?i vào gi?c ng? ho?c duy trì gi?c ng? có th? x?y ra ? tr? em và tr? v? thành niên nh?ng h?n ch? các s? li?u v? t? l? hi?n m?c, y?u t? nguy c? và b?nh ?i kèm trong nh?ng pha phát tri?n c?a cu?c ??i. Khó ng? ? tr? em có th? là k?t qu? t? nh?ng y?u t? (tr? không ???c h?c cách ?i vào gi?c ng? và duy trì gi?c ng? n?u không có s? hi?n di?n c?a b? m?) ho?c không có th?i gian bi?u ng? c? ??nh và thói quen ?i ng?. M?t ng? ? tr? v? thành niên có th? là do th?i gian bi?u ng? không ??u ??n. C? tr? em l?n tr? v? thành niên, nh?ng y?u t? tâm lý và khoa có th? d?n ??n m?t ng?. T? l? m?c c?a m?t ng? ? nh?ng ng??i già gia t?ng ???c gi?i thích m?t ph?n là do t?ng nh?ng t? l? m?c nh?ng v?n ?? s?c kho? sinh lý liên quan ??n tu?i. S? thay ??i trong mô hình ng? liên quan ??n ti?n trình phát tri?n bình th??ng phân bi?t v?i nh?ng thay ??i quá m?c liên quan ??n tu?i. M?c dù ?a gi?c ng? kí có nh?ng h?n ch? trong ?ánh giá m?t ng? th??ng quy,nh?ng có có th? h?u ích trong ch?n ?oán phân bi?t ? ng??i l?n b?i nguyên nhân m?t ng? (ví d? ng?ng th? khi ng?) th??ng ???c th?y ? ng??i già. Có ph?i b?n ?ang tìm cách ?? có m?t gi?c ng? ngon? Xem ngay bài vi?t: Bác s? mách b?n 9 cách d? ng? c?c hi?u qu? nhé!",Ch?ng m?t ng? th??ng g?p ? nh?ng ng??i tr? và ph? n? th?i k? mãn kinh.,"['ng?', 'm?t', 'th?', 'gi?c']","[0.6678, 0.5339, 0.4798, 0.6073]",0.5,"['ng?', 'gi?c']",0.5,['Nh?ng'],Tr? em và tr? v? thành niên.,0.25,0,0.0932,0.732,0.2688,Tr? em và tr? v? thành niên.,0.2688
11,unsloth/Qwen3-0.6B-unsloth-bnb-4bit,Expert_SP_EN,Khi nào thì c?n th?c hi?n th? thu?t ch?c hút t? bào b?ng kim nh? ?? ch?n ?oán b?nh ung th? bi?u mô tuy?n giáp th? nang?,"Ch?c hút t? bào b?ng kim nh? ???c xem là th? thu?t ch?n ?oán hàng ??u m?t nhân giáp. ?ây là ph??ng ti?n khá an toàn và xâm l?n t?i thi?u. Ch? ??nh th?c hi?n sinh thi?t b?ng kim nh? (FNAB) tu? thu?c vào kích th??c và nh?ng ??c ?i?m ghi nh?n trên siêu âm c?a nhân giáp: Theo NCCN, FNAB khi nhân >1 cm r?t nghi ng? trên siêu âm, ? 1,5 cm nhân nghi ng? trung bình trên siêu âm và ?2,5 cm nghi ng? ít trên siêu âm. Theo ATA, FNAB cho nh?ng nhân >0,5 cm ???ng kính. Còn theo ESMO, FNAB cho nh?ng nhân >1 cm.2","C?n th?c hi?n th? thu?t ch?c hút t? bào b?ng kim nh? (FNAB) khi nhân giáp có kích th??c >1 cm r?t nghi ng? trên siêu âm, ho?c ? 1,5 cm nghi ng? trung bình trên siêu âm, ho?c ?2,5 cm nghi ng? ít trên siêu âm theo NCCN; ho?c khi nhân giáp có ???ng kính >0,5 cm theo ATA; ho?c khi nhân giáp có kích th??c >1 cm theo ESMO.","['b?ng kim', 'nào thì c?n', 'b?nh ung th?', 'ung th? bi?u', 'giáp th? nang', '?oán b?nh ung', 'ch?n ?oán b?nh', 'tuy?n giáp th?']","[0.5238, 0.4618, 0.5872, 0.6053, 0.683, 0.6038, 0.6094, 0.7325]",0.125,"['tuy?n giáp th?', 'giáp th? nang', 'ch?n ?oán b?nh', 'ung th? bi?u', '?oán b?nh ung']",0,[],Th?c hi?n th? thu?t ch?c hút t? bào b?ng kim nh? ?? ch?n ?oán b?nh ung th? bi?u mô tuy?n giáp th? nang khi nhân >1 cm.,0.4444,0.0645,0.2349,0.7357,0.3699,Th?c hi?n th? thu?t ch?c hút t? bào b?ng kim nh? ?? ch?n ?oán b?nh ung th? bi?u mô tuy?n giáp th? nang khi nhân >1 cm.,0.3699
12,unsloth/Qwen3-0.6B-unsloth-bnb-4bit,Expert_SP_EN,Tiên l??ng b?nh Lupus ban ?? th? c?p nh? th? nào?,"Tiên l??ng b?nh thay ??i ph? thu?c vào ti?n tri?n và th? b?nh:18 - Th? c?p: b?nh th??ng ti?n tri?n nhanh, gây nhi?u nhi?u t?n th??ng c? quan và th?m chí là t? vong sau vài tháng.
- Th? m?n: th? b?nh này th??ng ti?n tri?n ch?m, tiên l??ng t?t h?n.
- Th? bán c?p: ti?n tri?n t?ng ??t trên n?n b?nh ?n ??nh. ??t sau th??ng ngày càng n?ng d?n. Tình tr?ng b?nh có th? n?ng thêm n?u b?nh nhân ?ang có thai, nhi?m khu?n, ch?n th??ng, ph?u thu?t, stress, l?m d?ng thu?c. Th?i gian s?ng trung bình 5 – 10 n?m. B?nh lupus ban ?? h? th?ng th??ng g?p, bi?u hi?n ?a d?ng ? nhi?u chuyên khoa. Hi?n t?i, m?t s? c? s? y t? t?i Vi?t Nam c?p nh?t ?i?u tr? b?nh nhân Lupus theo nh?ng phác ?? c?p nh?t nh?t trên th? gi?i v?i s? ph?i h?p gi?a hai thu?c c? b?n là corticoid, thu?c kháng s?t rét và các nhóm thu?c ?c ch? mi?n d?ch m?i. Vì v?y, hãy tuân th? theo phác ?? ?i?u tr? và s? h??ng d?n c?a nhân viên y t? ?? gi?m thi?u nguy c? di?n ti?n n?ng, vô ??t bùng phát c?a b?nh và có th? s?ng an toàn v?i b?nh lupus.","B?nh Lupus ban ?? th? c?p th??ng ti?n tri?n nhanh, gây nhi?u t?n th??ng c? quan và có th? d?n ??n t? vong trong vòng vài tháng.","['th?', 'b?nh', 'Tiên l??ng', 'ti?n tri?n']","[0.461, 0.5771, 0.5133, 0.5187]",0.75,['b?nh'],0.3333,['nh? th? nào'],Tiên l??ng b?nh thay ??i ph? thu?c vào ti?n tri?n và th? b?nh.,0.3,0,0.1551,0.6744,0.2824,Tiên l??ng b?nh thay ??i ph? thu?c vào ti?n tri?n và th? b?nh.,0.2824
13,unsloth/Qwen3-0.6B-unsloth-bnb-4bit,Expert_SP_EN,T? l? s?ng sót sau 5 n?m khi ?i?u tr? ung th? vòm m?i h?ng b?ng ph??ng pháp hóa tr? là bao nhiêu?,"K?t qu? c?a các th? nghi?m lâm sàng bao g?m c? x? tr? và hóa tr? th??ng báo cáo t? l? s?ng lâu dài là 50-80%. Trong m?t nghiên c?u, t? l? s?ng sót sau 5 n?m là 42% ch? v?i x? tr? và 58% khi ?i?u tr? b?ng hóa tr?. Ung th? vòm h?ng s?ng ???c bao lâu luôn là n?i lo l?ng chung c?a các b?nh nhân. Li?u có con s? c? th? nào ?? tr? l?i cho câu h?i này? M?i b?n cùng YouMed tìm hi?u v? v?n ?? này qua bài vi?t Ung th? vòm h?ng s?ng ???c bao lâu? nhé!",T? l? s?ng sót sau 5 n?m khi ?i?u tr? b?ng hóa tr? là 58%.,"['tr?', 'sót sau', 'ung th? vòm', 'th? vòm m?i', 'ph??ng pháp hóa', 'b?ng ph??ng pháp']","[0.5421, 0.4954, 0.7172, 0.5805, 0.4759, 0.5034]",0.3333,"['ung th? vòm', 'th? vòm m?i']",0,[],T? l? s?ng sót sau 5 n?m khi ?i?u tr? ung th? vòm m?i h?ng b?ng ph??ng pháp hóa tr? là 58%.,0.7778,0.5785,0.9578,0.9186,0.8082,T? l? s?ng sót sau 5 n?m khi ?i?u tr? ung th? vòm m?i h?ng b?ng ph??ng pháp hóa tr? là 58%.,0.8082
14,unsloth/Qwen3-0.6B-unsloth-bnb-4bit,Expert_SP_EN,"Trong tr??ng h?p ngo?i tâm thu nh?, ng??i b?nh c?n ph?i làm gì?","Nh?ng tr??ng h?p r?t nh?, h?u nh? không ?nh h??ng gì ??n s?c kh?e, ?ó là khi ngo?i tâm thu ít, th?a, xu?t hi?n ? ng??i tr? tu?i, khám không có b?nh tim gì khác. Khi ?ó ng??i b?nh th??ng không c?n ph?i ?i?u tr?, ch? c?n b? thu?c lá và r??u, s?ng ?i?u ??, tránh nh?ng c?m xúc m?nh, n?u c?n có th? ph?i gi?m b?t lao ??ng c? trí óc l?n chân tay,… Nh?ng tr??ng h?p b?nh n?ng h?n, ngo?i tâm thu xu?t hi?n dày, kèm theo c?m giác khó th?, m?t m?i, tr?ng ng?c… Khi ?ó, ng??i b?nh c?n ph?i ???c ?i?u tr? và s? d?ng thu?c. Tr??ng h?p này, b?nh có th? ti?n tri?n n?ng d?n, làm gi?m hi?u qu? b?m máu c?a tim, khi?n tim ph?i làm vi?c nhi?u h?n bình th??ng và lâu ngày có th? d?n ??n suy tim. Nh?ng tr??ng h?p ngo?i tâm thu xu?t hi?n trên “n?n” c?a nh?ng b?nh tim khác. Khi ?ó, ngo?i tâm thu có th? nguy hi?m h?n và th??ng liên quan ch?t ch? ??n kh? n?ng làm t?ng nguy c? ??t t?. Lúc này, c?n ph?i t?p trung ch?a các b?nh lý chính, ch?a ngo?i tâm thu ch? là m?t ph?n trong ?i?u tr?.","Trong tr??ng h?p ngo?i tâm thu nh?, ng??i b?nh c?n b? thu?c lá và r??u, s?ng ?i?u ??, tránh nh?ng c?m xúc m?nh, n?u c?n có th? ph?i gi?m b?t lao ??ng c? trí óc l?n chân tay,…","['tâm', 'tr??ng h?p']","[0.6405, 0.5809]",1,"['tâm', 'tr??ng h?p']",1,[],"Trong tr??ng h?p ngo?i tâm thu nh?, ng??i b?nh th??ng không c?n ph?i ?i?u tr?, ch? c?n b? thu?c lá và r??u, s?ng ?i?u ??, tránh nh?ng c?m xúc m?nh, n?u c?n có th? ph?i gi?m b?t lao ??ng c? trí óc l?n chân tay,…",0.9091,0.8109,0.9818,0.9639,0.9164,"Trong tr??ng h?p ngo?i tâm thu nh?, ng??i b?nh th??ng không c?n ph?i ?i?u tr?, ch? c?n b? thu?c lá và r??u, s?ng ?i?u ??, tránh nh?ng c?m xúc m?nh, n?u c?n có th? ph?i gi?m b?t lao ??ng c? trí óc l?n chân tay,…",0.9164
15,unsloth/Qwen3-0.6B-unsloth-bnb-4bit,Expert_SP_EN,?i?u tr? ngo?i khoa th??ng ???c áp d?ng trong nh?ng tr??ng h?p nào?,"?i?u tr? ngo?i khoa ch? ???c áp d?ng trong nh?ng tr??ng h?p ?i?u tr? n?i khoa th?t b?i. Ho?c trong m?t s? b?nh lý c?n ph?i ph?u thu?t, ch?ng h?n nh?: - Ung th? d? dày.
- Th?ng d? dày.
- Xu?t huy?t d? dày th?t b?i v?i ?i?u tr? n?i khoa.
- Ph?u thu?t c?t b? kh?i u ti?t Gastrin trong h?i ch?ng Zollinger – Ellison. Xem thêm: Trào ng??c d?ch m?t có ph?i là trào ng??c d? dày th?c qu?n?",?i?u tr? ngo?i khoa ch? ???c áp d?ng trong nh?ng tr??ng h?p ?i?u tr? n?i khoa th?t b?i ho?c trong m?t s? b?nh lý c?n ph?i ph?u thu?t.,"['?i?u tr?', 'tr? ngo?i', 'nh?ng tr??ng', 'tr??ng h?p nào', 'd?ng trong nh?ng', 'ngo?i khoa th??ng']","[0.7467, 0.7426, 0.4901, 0.6115, 0.6172, 0.7242]",0.6667,"['?i?u tr?', 'tr? ngo?i', 'ngo?i khoa th??ng', 'd?ng trong nh?ng', 'tr??ng h?p nào']",0.75,[],"?i?u tr? ngo?i khoa th??ng ???c áp d?ng trong nh?ng tr??ng h?p ?i?u tr? n?i khoa th?t b?i ho?c trong m?t s? b?nh lý c?n ph?i ph?u thu?t, ch?ng h?n nh?: Ung th? d? dày, th?ng d? dày, xu?t huy?t d? dày th?t b?i v?i ?i?u tr? n?i khoa, ph?u thu?t c?t b? kh?i u ti?t Gastrin trong h?i ch?ng Zollinger – Ellison.",0.6069,0.3573,0.806,0.8412,0.6528,"?i?u tr? ngo?i khoa th??ng ???c áp d?ng trong nh?ng tr??ng h?p ?i?u tr? n?i khoa th?t b?i ho?c trong m?t s? b?nh lý c?n ph?i ph?u thu?t, ch?ng h?n nh?: Ung th? d? dày, th?ng d? dày, xu?t huy?t d? dày th?t b?i v?i ?i?u tr? n?i khoa, ph?u thu?t c?t b? kh?i u ti?t Gastrin trong h?i ch?ng Zollinger – Ellison.",0.6528
16,unsloth/Qwen3-0.6B-unsloth-bnb-4bit,Expert_SP_EN,Nh?ng lo?i ch?t nào ???c tìm th?y trong Th?c ??a?,"Hàm l??ng c?a các h?p ch?t trong Th?c ??a thay ??i tùy thu?c vào s? l?n h?p, s?y và ph??ng pháp làm khô. Trong Th?c ??a, ng??i ta tìm th?y các ch?t sau: Catalpol, Galactose, Glucose và Fructose, Maltose và Sucrose. Ngoài ra còn có các lo?i ch?t béo thô và protein thô.","Trong Th?c ??a, ng??i ta tìm th?y các lo?i ch?t nh? Catalpol, Galactose, Glucose và Fructose, Maltose và Sucrose, ch?t béo thô và protein thô.","['Th?c', 'nào ???c tìm', 'ch?t nào ???c', '???c tìm th?y']","[0.6744, 0.5275, 0.6392, 0.5221]",0.25,"['Th?c', 'ch?t nào ???c']",1,[],"Trong Th?c ??a, ng??i ta tìm th?y các ch?t sau: Catalpol, Galactose, Glucose và Fructose, Maltose và Sucrose, các lo?i ch?t béo thô và protein thô.",0.8857,0.7748,0.9593,0.9742,0.8985,"Trong Th?c ??a, ng??i ta tìm th?y các ch?t sau: Catalpol, Galactose, Glucose và Fructose, Maltose và Sucrose, các lo?i ch?t béo thô và protein thô.",0.8985
17,unsloth/Qwen3-0.6B-unsloth-bnb-4bit,Expert_SP_EN,Tri?u ch?ng ng? ??c khi nu?t ph?i axit salicylic có th? bi?u hi?n ra sao?,"N?u dính thu?c ? m?t, m?i, niêm m?c, ph?i r?a ngay v?i n??c s?ch 15 phút. N?u quá li?u x?y ra khi nu?t ph?i axit salicylic, tri?u ch?ng ng? ??c th??ng bi?u hi?n khác nhau tùy t?ng ng??i nh? th? sâu, nhanh, ù tai, ?i?c, giãn m?ch, ra m? hôi.1 B?n c?n ??n ngay c? s? y t? g?n nh?t ?? ???c x? trí khi dùng quá li?u thu?c.","Tri?u ch?ng ng? ??c do nu?t ph?i axit salicylic có nhi?u bi?u hi?n khác nhau tùy t?ng ng??i, ch?ng h?n nh? th? sâu, th? nhanh, ù tai, ?i?c, giãn m?ch ho?c ra m? hôi.","['ch?ng ng?', 'nu?t ph?i', 'ph?i axit', 'Tri?u ch?ng', 'th? bi?u hi?n']","[0.6261, 0.5936, 0.6404, 0.564, 0.4821]",0.8,"['ph?i axit', 'ch?ng ng?', 'nu?t ph?i', 'Tri?u ch?ng']",1,[],"Tri?u ch?ng ng? ??c khi nu?t ph?i axit salicylic có th? bi?u hi?n khác nhau tùy t?ng ng??i nh? th? sâu, nhanh, ù tai, ?i?c, giãn m?ch, ra m? hôi.",0.875,0.6018,0.8138,0.9504,0.8102,"Tri?u ch?ng ng? ??c khi nu?t ph?i axit salicylic có th? bi?u hi?n ra sao là th? sâu, nhanh, ù tai, ?i?c, giãn m?ch, ra m? hôi.",0.6816
18,unsloth/Qwen3-0.6B-unsloth-bnb-4bit,Expert_SP_EN,Tôi có nên ??c h??ng d?n s? d?ng tr??c khi dùng thu?c Atelec không?,B?n c?n ??c k? h??ng d?n tr??c khi s? d?ng. Thu?c ch? dùng theo s? kê toa c?a chuyên gia y t?.,"Có, b?n nên ??c k? h??ng d?n tr??c khi s? d?ng thu?c.","['Atelec', 'h??ng d?n', 'tr??c khi', 'Tôi có nên', 'nên ??c h??ng']","[0.7038, 0.5939, 0.5664, 0.4907, 0.5579]",0.4,"['Atelec', 'h??ng d?n', 'tr??c khi', 'nên ??c h??ng']",1,[],"Có, b?n c?n ??c k? h??ng d?n tr??c khi s? d?ng thu?c Atelec.",0.9231,0.6606,0.9163,0.9275,0.8569,"Có, b?n c?n ??c k? h??ng d?n tr??c khi s? d?ng.",0.8295
19,unsloth/Qwen3-0.6B-unsloth-bnb-4bit,Expert_SP_EN,"Hi?n t??ng khó th?, th? rít sau hóc x??ng có nguy hi?m không?","Khi ?ã th? các ph??ng pháp trên nh?ng x??ng v?n b? m?c trong c? h?ng và tình tr?ng ng??i b? hóc x??ng có d?u hi?u nghiêm tr?ng nên ngay l?p t?c ??n g?p bác s? ?? ???c g?p ra. Ho?c ??i v?i nh?ng m?u x??ng l?n hay n?m sâu, không nên t? x? lý ? nhà. N?u x??ng cá n?m sâu trong th?c qu?n và không ???c x? trí, nó có th? d?n ??n nh?ng bi?n ch?ng nguy hi?m. Nên ??n khám bác s? ngay khi có các tri?u ch?ng sau ?ây: - Khó th?, th? rít sau hóc x??ng.
- C?n ?au sau hóc x??ng t?ng d?n và không bi?n m?t sau vài ngày.
- ?au ng?c.
- S?ng n? vùng c?, h?ng.
- B?m tím.
- Ch?y n??c mi?ng nhi?u.
- Không th? ?n hay u?ng.","Có, ?ây là d?u hi?u nghiêm tr?ng c?n ??n ngay bác s? ?? ???c g?p x??ng cá ra.","['hóc', 'x??ng', 'khó th?', 'Hi?n t??ng']","[0.5554, 0.6876, 0.6868, 0.4419]",0.25,"['x??ng', 'khó th?', 'hóc']",1,[],"Có, khó th?, th? rít sau hóc x??ng có th? là d?u hi?u c?a m?t b?nh lý nghiêm tr?ng, có th? d?n ??n nh?ng bi?n ch?ng nguy hi?m.",0.4118,0,0.3908,0.7638,0.3916,"Có, hi?n t??ng khó th?, th? rít sau hóc x??ng có th? là d?u hi?u c?a m?t b?nh lý nghiêm tr?ng, có th? d?n ??n nh?ng bi?n ch?ng nguy hi?m.",0.3852
20,unsloth/Qwen3-0.6B-unsloth-bnb-4bit,Expert_SP_EN,Siêu âm tim là m?t xét nghi?m ???c th?c hi?n trong quá trình ch?n ?oán t?ng huy?t áp ác tính giúp xem xét ?i?u gì?,"M?t s? xét nghi?m có th? ???c ch? ??nh bao g?m: - N?ng ?? nit? urê trong máu (BUN) và creatinin, s? t?ng lên n?u b?n b? t?n th??ng th?n.
- Xét nghi?m ?ông máu.
- M?c ???ng huy?t (glucose).
- Công th?c máu toàn ph?n.
- M?c natri và kali trong máu.
- Phân tích n??c ti?u ?? ki?m tra n?ng ?? hormone trong máu, protein ho?c b?t th??ng liên quan ??n các v?n ?? v? th?n.
- Siêu âm tim ?? ki?m tra ch?c n?ng tim và l?u l??ng máu qua tim.
- ?i?n tâm ?? (ECG) ?? ki?m tra ch?c n?ng ?i?n c?a tim.
- Ch?p X-quang ng?c ?? xem hình d?ng và kích th??c c?a c?u trúc tim và phát hi?n ch?t l?ng trong ph?i.
- Các xét nghi?m hình ?nh khác ?? ?ánh giá th?n và ??ng m?ch c?a chúng.",Ch?c n?ng tim và l?u l??ng máu qua tim.,"['quá trình', 'ch?n ?oán', 'xét nghi?m', 'trình ch?n', 'tính giúp xem', 'nghi?m ???c th?c']","[0.4922, 0.6423, 0.6338, 0.5897, 0.4973, 0.4887]",0,"['ch?n ?oán', 'xét nghi?m', 'trình ch?n']",0,[],Siêu âm tim giúp xem xét ch?c n?ng tim và l?u l??ng máu qua tim.,0.7568,0.5129,0.9429,0.8838,0.7741,Siêu âm tim giúp xem xét ch?c n?ng tim và l?u l??ng máu qua tim.,0.7741
21,unsloth/Qwen3-0.6B-unsloth-bnb-4bit,Expert_SP_EN,Th?n t?ng h?p các lo?i hormone nào?,"Th?n c?ng có ch?c n?ng chuy?n ??i ti?n ch?t c?a vitamin D thành d?ng ho?t ??ng c?a nó – calcitriol. Ngoa?i ra, thâ?n co?n t?ng h?p các hormone erythropoietin và renin.",Th?n t?ng h?p các hormone erythropoietin và renin.,"['Th?n', 'h?p các', 't?ng h?p', 'các lo?i', 'hormone nào']","[0.7314, 0.4927, 0.5801, 0.4956, 0.7479]",0.6,"['hormone nào', 'Th?n', 't?ng h?p']",0.6667,[],Th?n t?ng h?p các hormone erythropoietin và renin.,1,1,0.9993,1,0.9998,Th?n t?ng h?p các hormone erythropoietin và renin.,0.9998
22,unsloth/Qwen3-0.6B-unsloth-bnb-4bit,Expert_SP_EN,H?i ch?ng c?n ung là gì?,"H?i ch?ng này g?m nhi?u r?i lo?n khác nhau xu?t hi?n trên b?nh nhân ung th?. Bên c?nh h? th?n kinh, h?i ch?ng c?n ung c?ng có th? ?nh h??ng ??n các c? quan khác nh?: các hormone (h? n?i ti?t), da li?u, h? máu và kh?p. Nguyên nhân c?a h?i ch?ng này là khi h? th?ng mi?n d?ch t?o ra tác nhân ch?ng l?i t? bào ung th?, các tác nhân này c?ng t?n công h? th?n kinh nh? não, tu? s?ng, dây th?n kinh ngo?i vi ho?c c? b?p. Tu? thu?c vào v? trí h? th?n kinh b? ?nh h??ng, h?i ch?ng này có th? gây ra các v?n ?? nh? b?t th??ng khi v?n ??ng ho?c ph?i h?p c?, r?i lo?n c?m giác, trí nh?, r?i lo?n kh? n?ng t? duy hay ?ôi khi ?nh h??ng gi?c ng? c?a ng??i b?nh. T?n th??ng h? th?n kinh có th? h?i ph?c nh? ?i?u tr? ung th? và tác ??ng lên h? mi?n d?ch. Tuy nhiên, c?n b?nh này c?ng có th? d?n ??n t?n th??ng h? th?n kinh nghiêm tr?ng trong th?i gian ng?n và không th? h?i ph?c. Nh?ng dù sao thì vi?c ?i?u tr? b?nh ung th? n?n và nh?ng can thi?p khác c?ng mang l?i nhi?u l?i ích to l?n. N?u ???c ?i?u tr? phù h?p, bác s? có th? ng?n ng?a nh?ng t?n th??ng m?i và c?i thi?n tri?u ch?ng, c?i thi?n ch?t l??ng cu?c s?ng cho b?nh nhân.","H?i ch?ng c?n ung là m?t nhóm các r?i lo?n ?nh h??ng ??n h? th?n kinh, hormone, da li?u, h? máu và kh?p c?a b?nh nhân ung th? do h? th?ng mi?n d?ch ch?ng l?i t? bào ung th? nh?ng c?ng t?n công các t? bào h? th?n kinh.","['th?n', 'ch?ng', 'ung th?']","[0.4445, 0.6077, 0.5884]",1,"['ch?ng', 'ung th?']",0.6667,[],"H?i ch?ng c?n ung là m?t tình tr?ng r?i lo?n xu?t hi?n trên b?nh nhân ung th?, bao g?m nhi?u r?i lo?n khác nhau.",0.4333,0.1073,0.2524,0.7989,0.398,"H?i ch?ng c?n ung là m?t tình tr?ng r?i lo?n xu?t hi?n trên b?nh nhân ung th?, bao g?m nhi?u r?i lo?n khác nhau.",0.398
23,unsloth/Qwen3-0.6B-unsloth-bnb-4bit,Expert_SP_EN,Thu?c gì ???c tiêm vào bao ho?t d?ch ?? gi?m ?au và kháng viêm?,"Thu?c corticosteroid ???c tiêm vào bao ho?t d?ch s? giúp gi?m ?au và kháng viêm ? nh?ng v? trí nh? vai, khu?u g?i. Corticoid giúp ng?n ch?n m?t ch?t hóa h?c trong c? th? ???c g?i là prostaglandin (m?t ch?t gây viêm). Tuy nhiên thu?c tiêm corticoid không dùng th??ng quy. Ch? nh?ng tr??ng h?p nghiêm tr?ng, ?au viêm nhi?u dai d?ng m?i c?n dùng ??n. V?i ph??ng pháp ?i?u tr? này th??ng s? hi?u qu? gi?m ?au, s?ng viêm nhanh chóng. Thông th??ng trong nhi?u tr??ng h?p, b?n ch? c?n tiêm m?t m?i.",Thu?c corticosteroid ???c tiêm vào bao ho?t d?ch ?? gi?m ?au và kháng viêm.,"['vào bao', 'bao ho?t', 'gi?m ?au', 'tiêm vào', 'ho?t d?ch', 'kháng viêm']","[0.4834, 0.5141, 0.7398, 0.6679, 0.5934, 0.737]",1,"['gi?m ?au', 'kháng viêm', 'tiêm vào', 'ho?t d?ch']",0.6667,[],Thu?c corticosteroid.,0.25,0,0.1852,0.8092,0.3111,Thu?c corticosteroid.,0.3111
24,unsloth/Qwen3-0.6B-unsloth-bnb-4bit,Expert_SP_EN,Tuy?n giáp có vai trò gì trong c? th??,"Tuy?n giáp là m?t tuy?n n?i ti?t quan tr?ng, có hình con b??m n?m ? ?áy c?a c? ngay d??i qu? táo Adam. Nó s?n sinh ra các ch?t có vai trò giúp ?i?u hòa ho?t ??ng t?ng tr??ng và phát tri?n c?a c? th?. ?ôi khi tuy?n giáp phát tri?n l?n h?n bình th??ng, c? b? s?ng lên thành hình b??u g?i là b??u c?. B??u c? x?y ra khi ch?c n?ng c?a tuy?n giáp b? r?i lo?n. Các b?nh nh? c??ng tuy?n giáp tr?ng, suy tuy?n giáp tr?ng, b??u lành tuy?n giáp tr?ng và ??c bi?t là b?nh ung th? tuy?n giáp, m?t b?nh r?t nguy hi?m theo ?ó mà xu?t hi?n. ",Tuy?n giáp là m?t tuy?n n?i ti?t quan tr?ng có vai trò giúp ?i?u hòa ho?t ??ng t?ng tr??ng và phát tri?n c?a c? th?.,"['giáp', 'Tuy?n', 'vai trò', 'trong c? th?', 'qu? táo Adam']","[0.7805, 0.6079, 0.4971, 0.6149, 0.5119]",0.6,"['giáp', 'trong c? th?', 'Tuy?n']",0.6667,[],Tuy?n giáp có vai trò s?n sinh ra các ch?t có vai trò giúp ?i?u hòa ho?t ??ng t?ng tr??ng và phát tri?n c?a c? th?.,0.7654,0.6335,0.7265,0.9183,0.7609,Tuy?n giáp có vai trò s?n sinh ra các ch?t có vai trò giúp ?i?u hòa ho?t ??ng t?ng tr??ng và phát tri?n c?a c? th?.,0.7609
25,unsloth/Qwen3-0.6B-unsloth-bnb-4bit,Expert_SP_EN,Th??ng nh? t? là gì?,"D??c li?u Th??ng nh? t? là ph?n qu?, hình tr?ng hay hình thoi. M?t ngoài màu xám vàng hay xám nâu, có nhi?u gai hình móc câu. ??u d??i có s?o c?a cu?ng qu?. V? qu? gi? r?t c?ng và dai. C?t ngang qu? gi? th?y có hai ng?n, m?i ng?n ch?a m?t qu? th?t (quen g?i là h?t). Ph?n qu? th?t hình thoi có l?p v? r?t m?ng, màu xám xanh r?t d? bong khi bóc ph?n v? qu? gi?. H?t hình thoi, nh?n hai ??u, v? h?t màu xám nh?t có nhi?u n?p nh?n d?c.","Th??ng nh? t? là ph?n qu? c?a cây th??ng nh?, có hình tr?ng ho?c hình thoi.","['qu?', 'nh?', 'xám', 'hình', 'Th??ng']","[0.5519, 0.6657, 0.4894, 0.4749, 0.6851]",0.8,"['Th??ng', 'nh?', 'qu?']",0.75,[],"Th??ng nh? t? là ph?n qu?, hình tr?ng hay hình thoi.",0.7317,0.3664,0.6609,0.9092,0.667,"Th??ng nh? t? là ph?n qu?, hình tr?ng hay hình thoi.",0.667
26,unsloth/Qwen3-0.6B-unsloth-bnb-4bit,Expert_SP_EN,"Xuyên tiêu có v? gì, tính gì?","Xuyên tiêu là v? thu?c v? cay, tính ?m, th??ng ch?a nh?ng b?nh do l?nh trong c? th?: - Ch?a ?au do l?nh: ?au d? dày, viêm ??i tràng, ?au các kh?p do l?nh…
- Tr? tiêu ch?y m?n tính do trong c? th? b? l?nh.
- ?i?u tr? ?au b?ng do giun lãi gây nôn m?a.
- Ch?a các ch?ng ?au b?ng do l?nh, th? t?.
- Là m?t v? thu?c gi?i ???c ??c, sát ???c trùng.
- Ch? tr? ch?ng tê b?i nh?c m?i do l?nh.","Xuyên tiêu có v? cay, tính ?m.","['?au', 'l?nh', 'tiêu', 'ch?a', 'tính', 'Xuyên', 'trong c? th?']","[0.5515, 0.5373, 0.7824, 0.5103, 0.5821, 0.6912, 0.543]",0.4286,"['tiêu', 'Xuyên', 'tính', '?au']",1,[],"Xuyên tiêu có v? cay, tính ?m.",1,1,0.9993,1,0.9998,"Xuyên tiêu có v? cay, tính ?m.",0.9998
27,unsloth/Qwen3-0.6B-unsloth-bnb-4bit,Expert_SP_EN,?an sâm có tác d?ng nh? th? nào ??i v?i m?ch máu?,"Nh?ng con chu?t thí nghi?m ???c ?i?u tr? b?ng ?an sâm trong 12 tu?n ?ã gi?m t?ng tr?ng l??ng c? th?, c?i thi?n t? l? lipid huy?t thanh và ng?n ng?a s? hình thành gan nhi?m m? do ch?t béo cao trong ch? ?? ?n. Ngoài ra, ?an sâm có th? làm t?ng s? ?i?u hòa m?ch máu ph? thu?c vào n?i mô và bi?u hi?n s? b?o v? m?ch máu ? nh?ng con chu?t thí nghi?m.",?an sâm làm t?ng s? ?i?u hòa m?ch máu ph? thu?c vào n?i mô và b?o v? m?ch máu ? nh?ng con chu?t thí nghi?m.,"['?an sâm', 'tác d?ng', 'd?ng nh?', 'th? nào ??i', 'nào ??i v?i', '??i v?i m?ch', 'con chu?t thí']","[0.7624, 0.6229, 0.5372, 0.4385, 0.4581, 0.5864, 0.4457]",0.2857,"['?an sâm', 'tác d?ng', '??i v?i m?ch']",0.5,['nh? th? nào'],?an sâm có tác d?ng làm t?ng s? ?i?u hòa m?ch máu ph? thu?c vào n?i mô và bi?u hi?n s? b?o v? m?ch máu ? nh?ng con chu?t thí nghi?m.,0.8889,0.7067,0.974,0.9564,0.8815,?an sâm có tác d?ng làm t?ng s? ?i?u hòa m?ch máu ph? thu?c vào n?i mô và bi?u hi?n s? b?o v? m?ch máu ? nh?ng con chu?t thí nghi?m.,0.8815
28,unsloth/Qwen3-0.6B-unsloth-bnb-4bit,Expert_SP_EN,Lá và cành ng? gia bì gai có ch?a thành ph?n hóa h?c nào ch? y?u?,"V? r? và thân ng? gia bì ch?a acid 3?, 11? – dihydroxy – 23 oxylup – 20 – en – 28 – oic, acid 24 – nor – 11? – hydroxy – 3 – oxolup -20 – en – 28 – oic, acid 24 – nor – 3?,11? – hydroxylup – 20 – en – 25 – oic. Lá ch?a acid 3? – 11? – dihydroxylap – 20 – en – 28 – oic, acid 3?,11? – 23 trihydroxylup – 20 – en – 28 – oic. Ngoài ra có ch?a nevadensin, taraxerol. Lá và cành có ch?a tinh d?u bao g?m h?n 60 thành ph?n, trong ?ó ch? y?u là ch?t ? – pinen, p.cymen.","Lá và cành ng? gia bì gai có ch?a tinh d?u bao g?m h?n 60 thành ph?n, trong ?ó ch? y?u là ch?t ? – pinen, p.cymen.","['ng? gia', 'hóa h?c', 'ch?a acid', 'h?c nào ch?', 'nào ch? y?u', 'thành ph?n hóa']","[0.512, 0.5416, 0.6391, 0.4118, 0.4897, 0.6458]",0.1667,"['thành ph?n hóa', 'ch?a acid']",0,[],"Lá và cành ng? gia bì gai có ch?a thành ph?n hóa h?c ch? y?u là ch?t ? – pinen, p.cymen.",0.7742,0.5959,0.7157,0.9339,0.7549,"Lá và cành ng? gia bì gai có ch?a tinh d?u bao g?m h?n 60 thành ph?n, trong ?ó ch? y?u là ch?t ? – pinen, p.cymen.",1
29,unsloth/Qwen3-0.6B-unsloth-bnb-4bit,Expert_SP_EN,R?i lo?n tiêu hoá nh? do Amoxycilin Vidipha có th? bao g?m nh?ng tri?u ch?ng nào?,"Sau 7 ngày ?i?u tr? th??ng xu?t hi?n ngo?i ban. R?i lo?n tiêu hoá nh? nh? bu?n nôn, nôn, tiêu ch?y.2","R?i lo?n tiêu hoá nh? do Amoxycilin Vidipha có th? bao g?m các tri?u ch?ng nh? bu?n nôn, nôn và tiêu ch?y.","['th? bao g?m', 'tiêu hoá nh?', 'bao g?m nh?ng', 'R?i lo?n tiêu', 'lo?n tiêu hoá', 'Vidipha có th?', 'tri?u ch?ng nào', 'g?m nh?ng tri?u', 'nh?ng tri?u ch?ng', 'Amoxycilin Vidipha']","[0.4548, 0.6985, 0.4691, 0.6862, 0.7248, 0.585, 0.5223, 0.4803, 0.5846, 0.7479]",0.6,"['Amoxycilin Vidipha', 'lo?n tiêu hoá', 'tiêu hoá nh?', 'R?i lo?n tiêu', 'Vidipha có th?']",0.8333,[],"R?i lo?n tiêu hoá nh? do Amoxycilin Vidipha có th? bao g?m bu?n nôn, nôn, tiêu ch?y.",0.8667,0.6251,0.7977,0.961,0.8126,"R?i lo?n tiêu hoá nh? do Amoxycilin Vidipha có th? bao g?m bu?n nôn, nôn, tiêu ch?y.",0.8126
30,unsloth/Qwen3-0.6B-unsloth-bnb-4bit,Expert_SP_EN,Bông mo c?a cây ráy gai có ch?a thành ph?n gì?,"Ráy gai ch?a flavonoid, acid h?u c?, h?p ch?t phenol, ???ng, acid amin. Toàn cây còn có saponin triterpen. Thân r? ch?a tinh b?t. Bông mo có acid hydrocyanic.",Bông mo c?a cây ráy gai có ch?a acid hydrocyanic.,"['ráy gai', 'c?a cây', 'thành ph?n', 'ch?a thành', 'Bông mo c?a', 'gai ch?a flavonoid']","[0.7166, 0.6044, 0.6481, 0.5587, 0.6632, 0.7066]",0.5,"['ráy gai', 'gai ch?a flavonoid', 'Bông mo c?a', 'thành ph?n', 'c?a cây']",1,[],Bông mo c?a cây ráy gai có ch?a acid hydrocyanic.,1,1,0.9996,1,0.9999,Bông mo c?a cây ráy gai ch?a acid hydrocyanic.,0.8949
31,unsloth/Qwen3-0.6B-unsloth-bnb-4bit,Expert_SP_EN,Bao kh?p bám vào ?âu ? phía x??ng ?ùi?,"Bao kh?p là 1 bao s?i dày ch?c, ???c lót bên trong b?i màng ho?t d?ch. ? phía x??ng ch?u, bao kh?p bám vào chu vi ? c?i và m?t ngoài s?n vi?n ? c?i. V? phía x??ng ?ùi: ? phía tr??c bám vào ???ng gian m?u, phía sau bám vào cách mào gian m?u 1 cm. M?t ngoài bao kh?p có vài n?i dày lên thành các dây ch?ng ngoài bao kh?p.","V? phía x??ng ?ùi: ? phía tr??c bám vào ???ng gian m?u, phía sau bám vào cách mào gian m?u 1 cm.","['kh?p', 'bám vào', 'phía x??ng']","[0.7591, 0.5758, 0.7198]",0.6667,"['kh?p', 'phía x??ng', 'bám vào']",1,['Bao'],"? phía tr??c bám vào ???ng gian m?u, phía sau bám vào cách mào gian m?u 1 cm.",0.9032,0.7365,0.8163,0.9387,0.8487,"? phía tr??c bám vào ???ng gian m?u, phía sau bám vào cách mào gian m?u 1 cm.",0.8487
32,unsloth/Qwen3-0.6B-unsloth-bnb-4bit,Expert_SP_EN,Li?u l??ng s? d?ng Kim th?t tai trong bài thu?c là bao nhiêu?,"D??c li?u t??i 80 g, s?c n??c u?ng.","Li?u l??ng s? d?ng Kim th?t tai trong bài thu?c là 80g d??c li?u t??i, s?c n??c ?? u?ng.","['d?ng Kim', 'Kim th?t', 'bao nhiêu', 'Li?u l??ng', 'tai trong bài', 'l??ng s? d?ng', 'th?t tai trong', 'trong bài thu?c']","[0.675, 0.6427, 0.521, 0.5981, 0.564, 0.5167, 0.6016, 0.6525]",0.875,"['d?ng Kim', 'trong bài thu?c', 'Kim th?t', 'th?t tai trong', 'Li?u l??ng']",0.7143,[],Li?u l??ng s? d?ng Kim th?t tai trong bài thu?c là 80 g.,0.6939,0.4697,0.5898,0.8793,0.6582,Li?u l??ng s? d?ng Kim th?t tai trong bài thu?c là 80 g.,0.6582
33,unsloth/Qwen3-0.6B-unsloth-bnb-4bit,Expert_SP_EN,Ai nên c?n tr?ng khi s? d?ng ??u mèo?,"- M?n c?m hay d? ?ng v?i b?t k? thành ph?n có trong d??c li?u.
- Ph? n? có thai và cho con bú c?n c?n tr?ng khi dùng.
- Ng??i m?c các b?nh tâm th?n, tim m?ch, th?n… c?ng không nên dùng.
- Không nên dùng ? ng??i có thay ??i b?t th??ng ? da, ti?n s? u ác tính (ung th? da) do ho?t ch?t trong cây làm t?ng vi?c t?o s?c t? melanin, làm tình tr?ng b?nh x?u ?i.
- Không s? d?ng, d??c li?u trong vòng 2 tu?n tr??c khi ph?u thu?t.",Ph? n? có thai và cho con bú.,"['??u', 'M?n c?m', 'c?n tr?ng', 'tr?ng khi']","[0.5798, 0.4931, 0.5593, 0.4931]",0,"['??u', 'c?n tr?ng']",0,['không'],"Ph? n? có thai và cho con bú, ng??i m?c các b?nh tâm th?n, tim m?ch, th?n…",0.4848,0.3467,0.7913,0.8048,0.6069,"Ph? n? có thai và cho con bú, ng??i m?c các b?nh tâm th?n, tim m?ch, th?n…",0.6069
34,unsloth/Qwen3-0.6B-unsloth-bnb-4bit,Expert_SP_EN,Th?m phân phúc m?c có c? ch? ho?t ??ng nh? th? nào?,"Khi ch?c n?ng th?n gi?m n?ng, ng??i b?nh b??c vào b?nh th?n giai ?o?n cu?i (ESKD), các ph??ng pháp ?i?u tr? th??ng ???c s? d?ng là: L?c máu ???c chia thành 2 ph??ng pháp nh?: ch?y th?n nhân t?o và th?m phân phúc m?c. - Ch?y th?n nhân t?o: s? d?ng máy lo?i b? ch?t th?i ra kh?i c? th? ng??i b?nh.
- Th?m phân phúc m?c: ??a m?t ?ng thông m?ng vào b?ng ng??i b?nh. Sau ?ó, m?t dung d?ch ???c ??a vào b?ng ?? h?p thu ch?t th?i và ch?t l?ng trong m?t th?i gian nh?t ??nh. Sau th?i gian này ch?t l?ng s? ch?y ra kh?i c? th?. C?y ghép th?n Bác s? ph?u thu?t thay th? th?n ng??i b?nh b?ng th?n kh?e m?nh t? ng??i hi?n t?ng. Ng??i hi?n t?ng này có th? còn s?ng ho?c ?ã qua ??i. Sau quá trình này, ng??i b?nh s? dùng thu?c su?t ??i ?? ??m b?o c? th? không “t?n công” qu? th?n l? này.","Th?m phân phúc m?c ho?t ??ng b?ng cách ??a m?t ?ng thông m?ng vào b?ng ng??i b?nh. Sau ?ó, m?t dung d?ch ???c ??a vào b?ng ?? h?p thu ch?t th?i và ch?t l?ng trong m?t th?i gian nh?t ??nh. Sau th?i gian này ch?t l?ng s? ch?y ra kh?i c? th?, mang theo các ch?t th?i và ch?t l?ng d? th?a.","['phúc m?c', 'Th?m phân', 'phân phúc', '??ng nh? th?', 'ch? ho?t ??ng', 'ho?t ??ng nh?', 'ch?y th?n nhân']","[0.6783, 0.6939, 0.6764, 0.4063, 0.5141, 0.5256, 0.5863]",0.4286,"['Th?m phân', 'phúc m?c', 'phân phúc', 'ch?y th?n nhân']",1,['nh? th? nào'],"Th?m phân phúc m?c là ph??ng pháp ??a m?t ?ng thông m?ng vào b?ng ng??i b?nh, sau ?ó m?t dung d?ch ???c ??a vào b?ng ?? h?p thu ch?t th?i và ch?t l?ng trong m?t th?i gian nh?t ??nh. Sau th?i gian này ch?t l?ng s? ch?y ra kh?i c? th?.",0.8539,0.6444,0.7698,0.9401,0.802,"Th?m phân phúc m?c là ph??ng pháp ??a m?t ?ng thông m?ng vào b?ng ng??i b?nh, sau ?ó m?t dung d?ch ???c ??a vào b?ng ?? h?p thu ch?t th?i và ch?t l?ng trong m?t th?i gian nh?t ??nh. Sau th?i gian này ch?t l?ng s? ch?y ra kh?i c? th?.",0.802
35,unsloth/Qwen3-0.6B-unsloth-bnb-4bit,Expert_SP_EN,Nh?ng y?u t? nào làm t?ng nguy c? m?c b?nh zona?,"Nguyên nhân chính gây nên b?nh zona là vi rút Varicella-zoster, nh?ng y?u t? làm cho chúng ta d? b? m?c b?nh h?n là: - Ch?a ???c tiêm phòng ??i v?i lo?i vi rút này.
- ?ã t?ng m?c b?nh th?y ??u hay zona s? có nguy c? kh?i phát l?i zona vì vi rút có th? c? trú t?i h?ch th?n kinh c?a ng??i b?nh hàng ch?c n?m.
- Nh?ng ng??i có h? mi?n d?ch b? suy y?u, gi?m s?c ?? kháng c?a c? th? nh? ng??i b? nhi?m HIV, hóa tr? ung th?, ch?n th??ng th? ch?t và tinh th?n trong th?i gian dài s? có nguy c? b? zona nhi?u h?n, ??c bi?t khi ?ã có s?n vi rút ti?m tàng ? trong c? th?.","Các y?u t? làm t?ng nguy c? m?c b?nh zona g?m: ch?a ???c tiêm phòng th?y ??u, ?ã m?c th?y ??u ho?c zona tr??c ?ó, h? mi?n d?ch suy y?u do nhi?m HIV, hóa tr? ung th?, ho?c ch?n th??ng th? ch?t và tinh th?n kéo dài.","['b?nh', 'nào làm', 'làm t?ng', 'Nh?ng y?u', 't?ng nguy', 'Ch?a ???c tiêm']","[0.6132, 0.4145, 0.4912, 0.5187, 0.6043, 0.5238]",0.6667,"['b?nh', 't?ng nguy']",0.5,['Nh?ng'],"Nh?ng y?u t? làm t?ng nguy c? m?c b?nh zona bao g?m: ch?a tiêm phòng ??i v?i lo?i vi rút này, ?ã t?ng m?c b?nh th?y ??u hay zona, nh?ng ng??i có h? mi?n d?ch b? suy y?u, gi?m s?c ?? kháng c?a c? th? nh? ng??i b? nhi?m HIV, hóa tr? ung th?, ch?n th??ng th? ch?t và tinh th?n trong th?i gian dài.",0.6901,0.3538,0.7545,0.888,0.6716,"Nh?ng y?u t? làm t?ng nguy c? m?c b?nh zona bao g?m: ch?a tiêm phòng ??i v?i lo?i vi rút này, ?ã t?ng m?c b?nh th?y ??u hay zona, nh?ng ng??i có h? mi?n d?ch b? suy y?u, gi?m s?c ?? kháng c?a c? th? nh? ng??i b? nhi?m HIV, hóa tr? ung th?, ch?n th??ng th? ch?t và tinh th?n trong th?i gian dài.",0.6716
36,unsloth/Qwen3-0.6B-unsloth-bnb-4bit,Expert_SP_EN,Kéo dài tình tr?ng thoát v? ??a ??m có th? d?n ??n nh?ng h?u qu? gì?,"B?nh thoát v? ??a ??m th??ng kh?i phát ch?m và ti?n tri?n âm th?m, tr? m?t s? tr??ng h?p ch?n th??ng c?t s?ng n?ng. Tri?u ch?ng lâm sàng ph? thu?c vào v? trí, m?c ?? thoát v?. M?t s? tri?u ch?ng th??ng g?p c?a b?nh thoát v? ??a ??m, bao g?m:3 - Các c?n ?au âm ? kèm v?i m?i và gi?m tr??ng l?c ? vùng c? ho?c th?t l?ng.
- ?au t?ng khi lao ??ng n?ng, ng?i và ?i l?i nhi?u.
- C? và l?ng x?y ra c?ng kh?p và ?au sau khi ng? d?y.
- Các bi?u hi?n lâm sàng th??ng kh?i phát thành t?ng ??t. M?i ??t có th? kéo dài vài ngày ho?c vài tu?n.
- Xu?t hi?n c?m giác tê và gi?m kh? n?ng ho?t ??ng.
- Thoát v? ??a ??m kéo dài có th? gây t?n th??ng do dây th?n kinh c? và th?t l?ng. ?i?u này d?n ??n h?i ch?ng thi?u n?ng tu?n hoàn h? th?ng m?ch s?ng – n?n ho?c h?i ch?ng chùm ?uôi ng?a.",Thoát v? ??a ??m kéo dài có th? gây t?n th??ng do dây th?n kinh c? và th?t l?ng và d?n ??n h?i ch?ng thi?u n?ng tu?n hoàn h? th?ng m?ch s?ng – n?n ho?c h?i ch?ng chùm ?uôi ng?a.,"['thoát', '??a ??m', 'h?u qu?', 'nh?ng h?u', 'tình tr?ng']","[0.5359, 0.7023, 0.5717, 0.4572, 0.5358]",0.4,"['??a ??m', 'h?u qu?']",0.5,[],Kéo dài tình tr?ng thoát v? ??a ??m có th? d?n ??n h?i ch?ng thi?u n?ng tu?n hoàn h? th?ng m?ch s?ng – n?n ho?c h?i ch?ng chùm ?uôi ng?a.,0.7521,0.5342,0.724,0.9167,0.7318,Kéo dài tình tr?ng thoát v? ??a ??m có th? d?n ??n h?i ch?ng thi?u n?ng tu?n hoàn h? th?ng m?ch s?ng – n?n ho?c h?i ch?ng chùm ?uôi ng?a.,0.7318
37,unsloth/Qwen3-0.6B-unsloth-bnb-4bit,Expert_SP_EN,Gi?i thi?u thành ph?n hóa h?c c?a qu? Mâm xôi?,"Trong qu? Mâm xôi có ch?a nhi?u acid h?u c? nh? acid citric, salicylic, malic, ch?t ???ng và pectin. Lá cây Mâm xôi ch?a tanin.","Qu? Mâm xôi ch?a nhi?u h?p ch?t h?u c? bao g?m acid citric, salicylic, malic, ch?t ???ng và pectin.","['Mâm xôi', 'hóa h?c c?a', 'c?a qu? Mâm', 'h?c c?a qu?', 'ph?n hóa h?c', 'Trong qu? Mâm', 'thành ph?n hóa', 'Gi?i thi?u thành', 'thi?u thành ph?n']","[0.7559, 0.5913, 0.7281, 0.6356, 0.6148, 0.6487, 0.6349, 0.4387, 0.5789]",0.1111,"['Mâm xôi', 'c?a qu? Mâm', 'Trong qu? Mâm', 'h?c c?a qu?', 'thành ph?n hóa']",1,[],"Qu? Mâm xôi ch?a nhi?u acid h?u c? nh? acid citric, salicylic, malic, ch?t ???ng và pectin.",0.8235,0.6743,0.8317,0.9766,0.8265,"Qu? Mâm xôi ch?a nhi?u acid h?u c? nh? acid citric, salicylic, malic, ch?t ???ng và pectin.",0.8265
38,unsloth/Qwen3-0.6B-unsloth-bnb-4bit,Expert_SP_EN,Các y?u t? nguy c? hàng ??u gây b?nh phình ??ng m?ch ch? là gì?,"Phình ??ng m?ch ch? x?y ra khi thành ??ng m?ch ch? suy y?u theo tu?i. B?nh còn do các b?nh lý và tình tr?ng có xu h??ng ?nh h??ng ??n t?t c? các m?ch máu c?a c? th?. Các y?u t? nguy c? hàng ??u: - Hút thu?c: y?u t? nguy c? chính c?a b?nh. Nh?ng ng??i hút thu?c có t? l? phình ??ng m?ch ch? t?ng g?p 5 l?n so v?i nh?ng ng??i không hút thu?c.
- Lão hóa: b?nh? r?t hi?m g?p ? nh?ng ng??i d??i 60 tu?i.
- Gi?i tính nam: b?nh x?y ra ph? bi?n h?n ? nam gi?i so v?i n? gi?i.
- T?ng huy?t áp: ??c bi?t n?u không ???c ?i?u tr?, có th? làm t?ng nguy c? hình thành phình m?ch. Trên 40% b?nh nhân phình ??ng m?ch ch? có t?ng huy?t áp kèm theo.
- X? v?a ??ng m?ch: x?y ra do cholesterol cao, ?ái tháo ???ng và t?ng huy?t áp.
- Ti?n s? gia ?ình b? b?nh: m?t y?u t? nguy c? quan tr?ng.
- M?t s? b?nh di truy?n. Ch?n th??ng ? b?ng ho?c ng?c có th? gây phình ??ng m?ch ch? ti?n tri?n ho?c v?.","Các y?u t? nguy c? hàng ??u gây b?nh phình ??ng m?ch ch? bao g?m hút thu?c, lão hóa, gi?i tính nam, t?ng huy?t áp, x? v?a ??ng m?ch, ti?n s? gia ?ình b? b?nh và m?t s? b?nh di truy?n.","['ch?', 'y?u', 'm?ch', '??ng', 'b?nh']","[0.4999, 0.4799, 0.5874, 0.4302, 0.5573]",1,"['m?ch', 'b?nh']",0.4,[],"Các y?u t? nguy c? hàng ??u gây b?nh phình ??ng m?ch ch? bao g?m hút thu?c, lão hóa, gi?i tính nam, t?ng huy?t áp, x? v?a ??ng m?ch, ti?n s? gia ?ình b? b?nh, m?t s? b?nh di truy?n và ch?n th??ng ? b?ng ho?c ng?c.",0.913,0.8078,0.9723,0.9702,0.9158,"Các y?u t? nguy c? hàng ??u gây b?nh phình ??ng m?ch ch? bao g?m hút thu?c, lão hóa, gi?i tính nam, t?ng huy?t áp, x? v?a ??ng m?ch, ti?n s? gia ?ình b? b?nh, m?t s? b?nh di truy?n và ch?n th??ng ? b?ng ho?c ng?c.",0.9158
39,unsloth/Qwen3-0.6B-unsloth-bnb-4bit,Expert_SP_EN,Th? thu?t ch?c hút t? bào b?ng kim nh? có giá tr? gì trong vi?c ch?n ?oán b?nh ung th? bi?u mô tuy?n giáp th? nang?,"Ch?c hút t? bào b?ng kim nh? ???c xem là th? thu?t ch?n ?oán hàng ??u m?t nhân giáp. ?ây là ph??ng ti?n khá an toàn và xâm l?n t?i thi?u. Ch? ??nh th?c hi?n sinh thi?t b?ng kim nh? (FNAB) tu? thu?c vào kích th??c và nh?ng ??c ?i?m ghi nh?n trên siêu âm c?a nhân giáp: Theo NCCN, FNAB khi nhân >1 cm r?t nghi ng? trên siêu âm, ? 1,5 cm nhân nghi ng? trung bình trên siêu âm và ?2,5 cm nghi ng? ít trên siêu âm. Theo ATA, FNAB cho nh?ng nhân >0,5 cm ???ng kính. Còn theo ESMO, FNAB cho nh?ng nhân >1 cm.2","Th? thu?t ch?c hút t? bào b?ng kim nh? là ph??ng ti?n ch?n ?oán khá an toàn và xâm l?n t?i thi?u, giúp bác s? có th? l?y ???c t? bào t? nhân giáp ?? làm xét nghi?m mô b?nh h?c, t? ?ó xác ??nh ???c tính ch?t lành hay ác tính c?a nhân giáp.","['b?ng kim nh?', 'bào b?ng kim', 'b?nh ung th?', 'ung th? bi?u', 'giáp th? nang', '?oán b?nh ung', 'ch?n ?oán b?nh', 'tuy?n giáp th?', 'trong vi?c ch?n']","[0.6082, 0.5737, 0.5827, 0.5956, 0.6702, 0.5853, 0.5957, 0.7274, 0.5119]",0.2222,"['tuy?n giáp th?', 'giáp th? nang', 'b?ng kim nh?', 'ch?n ?oán b?nh', 'ung th? bi?u']",0.5,[],Th? thu?t ch?c hút t? bào b?ng kim nh? ???c xem là th? thu?t ch?n ?oán hàng ??u m?t nhân giáp.,0.437,0.0876,0.2548,0.7872,0.3916,Th? thu?t ch?c hút t? bào b?ng kim nh? ???c xem là th? thu?t ch?n ?oán hàng ??u m?t nhân giáp.,0.3916
40,unsloth/Qwen3-0.6B-unsloth-bnb-4bit,Expert_SP_EN,T? l? kh?i u th?n kinh n?i ti?t ???c tìm th?y trong tuy?n t?y là bao nhiêu?,"Kho?ng 7% kh?i U th?n kinh n?i ti?t ???c tìm th?y trong tuy?n t?y (ung th? t? bào ??o). Tuy?n t?y là c? quan v?a n?i ti?t và ngo?i ti?t. Nó ti?t d?ch tiêu hóa ( ngo?i ti?t ), giúp cho quá trình tiêu hóa và h?p th? th?c ?n. Ngoài ra t?y còn ti?t hormon ?i?u hòa quá trình tiêu hóa và ki?m soát ???ng huy?t (n?i ti?t). ",Kho?ng 7% kh?i u th?n kinh n?i ti?t ???c tìm th?y trong tuy?n t?y.,"['tuy?n t?y', 'th?n kinh', '???c tìm th?y', 'ti?t ???c tìm', 'n?i ti?t ???c', 'kinh n?i ti?t', 'tìm th?y trong', 'th?y trong tuy?n']","[0.75, 0.5939, 0.5361, 0.554, 0.6893, 0.7302, 0.6064, 0.6012]",1,"['tuy?n t?y', 'kinh n?i ti?t', 'n?i ti?t ???c', 'tìm th?y trong', 'th?y trong tuy?n']",0.625,[],Kho?ng 7% kh?i U th?n kinh n?i ti?t ???c tìm th?y trong tuy?n t?y.,1,0.8154,0.9999,0.9912,0.9516,Kho?ng 7% kh?i U th?n kinh n?i ti?t ???c tìm th?y trong tuy?n t?y.,0.9516
41,unsloth/Qwen3-0.6B-unsloth-bnb-4bit,Expert_SP_EN,Th?i gian h?i ph?c sau ph?u thu?t viêm kh?p ngón tay cái là bao lâu?,"N?u các bi?n pháp ?i?u tr? b?o t?n trên không hi?u qu?. V?n còn ?au, t?m v?n ??ng và s?c m?nh ngón tay cái không ??, có th? c?n ph?i ph?u thu?t. Các l?a ch?n ph?u thu?t bao g?m: Hàn kh?p (c? ??nh hoàn toàn kh?p): Các x??ng trong kh?p b? viêm ???c c? ??nh hoàn toàn v?i nhau. Kh?p ???c c? ??nh có th? ch?u ???c tr?ng l?c mà không ?au, nh?ng l?i không linh ho?t. C?t x??ng: X??ng trong kh?p b? viêm ???c c?t, ??nh v? l?i ?? giúp ?i?u ch?nh bi?n d?ng. Ph?u thu?t c?t b?: X??ng thang, m?t trong 8 x??ng ? c? tay mà kh?p v?i ngón tay cái s? ???c c?t b?. Thay kh?p: Toàn b? ho?c m?t ph?n c?a kh?p b? ?nh h??ng ???c lo?i b? và thay th? b?ng vi?c ghép gân. Sau khi ph?u thu?t, ngón cái và c? tay s? ???c c? ??nh b?ng bó b?t ho?c n?p. Th?i gian c?a vi?c c? ??nh này là t? 4 ??n 8 tu?n, tùy thu?c vào lo?i ph?u thu?t. Sau khi b? n?p và b?t, c?n th?c hi?n các bài t?p v?t lý tr? li?u.  Có th? c?m th?y khó ch?u trong giai ?o?n ??u nh?ng s? gi?m d?n theo th?i gian. Vi?c này s? giúp l?y l?i s?c m?nh và chuy?n ??ng c?a bàn tay, c? tay và ngón tay cái. Có th? m?t t? 8 tu?n ??n 1 n?m ?? h?i ph?c sau ph?u thu?t ngón tay cái. H?u h?t b?nh nhân ??u có th? ti?p t?c các ho?t ??ng bình th??ng.","Th?i gian h?i ph?c sau ph?u thu?t viêm kh?p ngón tay cái có th? m?t t? 8 tu?n ??n 1 n?m, tùy thu?c vào tình tr?ng b?nh nhân và lo?i ph?u thu?t.","['tay', 'kh?p', 'ph?u', '??nh', 'thu?t']","[0.568, 0.6707, 0.6388, 0.4802, 0.4682]",0.8,"['kh?p', 'ph?u', 'tay']",0.75,['???c'],H?u h?t b?nh nhân ??u có th? ti?p t?c các ho?t ??ng bình th??ng.,0.3077,0,0.1389,0.7015,0.287,H?u h?t b?nh nhân ??u có th? ti?p t?c các ho?t ??ng bình th??ng.,0.287
42,unsloth/Qwen3-0.6B-unsloth-bnb-4bit,Expert_SP_EN,D?ng suy tim m?t bù c?p có th? di?n ti?n nh? th? nào?,"D?ng này do r?i lo?n ch?c n?ng c?a tim trái, th??ng di?n ti?n t? t? (trong vài ngày) v?i các bi?u hi?n c?a sung huy?t, tích t? d?ch trong c? th? nh? khó th?, phù, t?ng cân,…",D?ng suy tim m?t bù c?p th??ng di?n ti?n t? t? trong vài ngày v?i các bi?u hi?n c?a sung huy?t và tích t? d?ch trong c? th?.,"['D?ng suy', 'di?n ti?n', 'm?t bù c?p', 'suy tim m?t', 'ti?n nh? th?']","[0.6282, 0.5731, 0.6182, 0.7815, 0.5448]",0.8,"['suy tim m?t', 'D?ng suy', 'm?t bù c?p', 'di?n ti?n']",1,"['nh? th? nào', 'th? nào']","D?ng suy tim m?t bù c?p có th? di?n ti?n t? t? (trong vài ngày) v?i các bi?u hi?n c?a sung huy?t, tích t? d?ch trong c? th? nh? khó th?, phù, t?ng cân,…",0.8842,0.4459,0.8579,0.9121,0.775,"D?ng suy tim m?t bù c?p có th? di?n ti?n t? t? (trong vài ngày) v?i các bi?u hi?n c?a sung huy?t, tích t? d?ch trong c? th? nh? khó th?, phù, t?ng cân,…",0.775
43,unsloth/Qwen3-0.6B-unsloth-bnb-4bit,Expert_SP_EN,Tên khoa h?c c?a Th?t di?p nh?t chi hoa là gì?,"Thân r? – Rhizoma Paridis Chinensis, ng??i ta th??ng g?i là T?o h?u hay Th?t di?p nh?t chi hoa.",Tên khoa h?c c?a Th?t di?p nh?t chi hoa là Rhizoma Paridis Chinensis.,"['Tên khoa', 'Th?t di?p', 'h?c c?a Th?t', 'khoa h?c c?a', 'nh?t chi hoa', 'di?p nh?t chi', 'Rhizoma Paridis Chinensis']","[0.5449, 0.6809, 0.5997, 0.5236, 0.7705, 0.7496, 0.6733]",1,"['nh?t chi hoa', 'di?p nh?t chi', 'Th?t di?p', 'Rhizoma Paridis Chinensis', 'h?c c?a Th?t']",0.7143,[],Tên khoa h?c c?a Th?t di?p nh?t chi hoa là Rhizoma Paridis Chinensis.,1,1,0.9998,1,1,Tên khoa h?c c?a Th?t di?p nh?t chi hoa là Rhizoma Paridis Chinensis.,1
44,unsloth/Qwen3-0.6B-unsloth-bnb-4bit,Expert_SP_EN,Thu?c TKI có gây ra tác d?ng ph? không?,"?ây là ph??ng pháp ?i?u tr? m?i trong th?p k? g?n ?ây, d??i s? phát tri?n c?a sinh h?c phân t?. Thu?c TKI là l?a ch?n hàng ??u n?u b?nh PTC ti?n tri?n ho?c tái phát – di c?n xa mà kháng v?i li?u pháp Iod phóng x?. Các dòng thu?c TKI nh? Lenvatinib, Sorafenib c?i thi?n, kéo dài th?i gian cho t?i khi b?nh l?i ti?p t?c ti?n tri?n h?n n?a. Tuy r?ng thu?c c?ng có nh?ng tác d?ng ph?, nh?ng ?ã ph?n là nh? có th? ki?m soát t?t nh?: - M?t m?i (ph? bi?n nh?ng thoáng qua).
- Tiêu ch?y, bu?n nôn (ph? bi?n nh?ng thoáng qua).
- N?i ban da.
- T?ng huy?t áp.
- ??c tính gan.
- Thuyên t?c m?ch (hi?m).
- Xu?t huy?t (hi?m).","Thu?c TKI có th? gây ra m?t s? tác d?ng ph? nh? m?t m?i, tiêu ch?y, buôn nôn, n?i ban da, t?ng huy?t áp, ??c tính gan, thuyên th?c m?nh, xu?t huy?t. Tuy nhiên nh?ng tác d?ng ph? này th??ng nh?, có th? ki?m soát t?t.","['TKI', 'Thu?c', 'tác d?ng', 'd?ng ph?', 'ph? không', 'ph? bi?n nh?ng']","[0.7409, 0.6238, 0.5241, 0.6707, 0.4879, 0.482]",0.6667,"['TKI', 'd?ng ph?', 'Thu?c']",0.75,[],"Có, thu?c TKI có th? gây ra m?t s? tác d?ng ph? nh? m?t m?i, tiêu ch?y, bu?n nôn, n?i ban da, t?ng huy?t áp, ??c tính gan, thuyên t?c m?ch và xu?t huy?t.",0.7752,0.5403,0.6372,0.9158,0.7171,"Có, thu?c TKI có th? gây ra m?t s? tác d?ng ph? nh? m?t m?i, tiêu ch?y, bu?n nôn, n?i ban da, t?ng huy?t áp, ??c tính gan, thuyên t?c m?ch và xu?t huy?t.",0.7171
45,unsloth/Qwen3-0.6B-unsloth-bnb-4bit,Expert_SP_EN,"N?u nh?p tim ch?m không x?y ra lúc ?o ?i?n tim, b?n s? ???c s? d?ng thi?t b? ?o ?i?n tâm ?? di ??ng ? nhà nào?","?i?n tâm ?? là công c? chính ?? ?ánh giá nh?p tim ch?m. S? d?ng ?i?n c?c g?n lên ng?c và tay giúp ghi nh?n tín hi?u ?i?n ?i qua tim c?a b?n. Thi?t b? ?o ?i?n tâm ?? di ??ng ? nhà N?u nh?p tim ch?m không x?y ra lúc ?o ?i?n tim, b?n s? ???c s? d?ng thi?t b? ?o ?i?n tâm ?? di ??ng ? nhà bao g?m: - Máy Holter: Thi?t b? này b?n có th? b? vào túi, ?eo tr??c b?ng ho?c ?eo trên vai. Nó giúp theo dõi ho?t ??ng tim c?a b?n liên t?c t? 24 ??n 48 gi?. Bác s? s? yêu c?u b?n ghi chú l?i th?i ?i?m x?y ra tri?u ch?ng trong su?t lúc ?eo.
- Máy ghi nh?n tri?u ch?ng (Event Recorder): Thi?t b? này theo dõi ho?t ??ng c?a tim b?n trong vài tu?n. B?n s? nh?n nút kích ho?t nó khi b?n c?m th?y có tri?u ch?ng. Nh? v?y máy s? ghi nh?n l?i ho?t ??ng tim lúc có tri?u ch?ng. Nghi?m pháp Các test này bao g?m: - Nghi?m pháp bàn nghiêng: B?n s? n?m ng?a và ???c c? ??nh trên 1 chi?c bàn ??c bi?t. Sau ?ó chi?c bàn s? ???c t? t? d?ng lên ? các v? trí khác nhau cho ??n khi th?ng ??ng. Bác s? s? xem b?n có b? ng?t khi thay ??i t? th? hay không.
- Nghi?m pháp g?ng s?c: Bác s? s? ghi nh?n nh?p tim c?a b?n khi b?n ?ang ?i b? ho?c ??p xe trên máy. Nghi?m pháp ?ánh giá nh?p tim b?n có t?ng ?? ?áp ?ng phù h?p v?i ho?t ??ng th? ch?t không.","N?u nh?p tim ch?m không x?y ra lúc ?o ?i?n tim, b?n s? ???c s? d?ng thi?t b? ?o ?i?n tâm ?? di ??ng ? nhà bao g?m Máy Holter và Máy ghi nh?n tri?u ch?ng (Event Recorder).","['b?n', 'tim', '?i?n']","[0.4273, 0.5089, 0.5768]",1,['?i?n'],0.3333,[],B?n s? ???c s? d?ng thi?t b? ?o ?i?n tâm ?? di ??ng ? nhà bao g?m máy Holter và máy ghi nh?n tri?u ch?ng (Event Recorder).,0.8,0.5308,0.7353,0.8749,0.7352,B?n s? ???c s? d?ng thi?t b? ?o ?i?n tâm ?? di ??ng ? nhà bao g?m máy Holter và máy ghi nh?n tri?u ch?ng (Event Recorder).,0.7352
46,unsloth/Qwen3-0.6B-unsloth-bnb-4bit,Expert_SP_EN,Các lo?i thu?c gi?m ?au không c?n kê ??n nào th??ng ???c s? d?ng ?? gi?m ?au b?ng kinh?,"Trong m?t s? tr??ng h?p n?u áp d?ng các cách trên mà c?n ?au v?n ?nh h??ng nghiêm tr?ng ??n ho?t ??ng h?ng ngày c?a b?n, b?n có th? s? d?ng m?t s? lo?i thu?c gi?m ?au không c?n kê ??n c?a bác s? nh? Acetaminophen (Paracetamol, Tylenol)….6","M?t s? lo?i thu?c gi?m ?au không c?n kê ??n th??ng ???c s? d?ng ?? gi?m ?au b?ng kinh bao g?m Acetaminophen (Paracetamol, Tylenol).","['gi?m ?au', '?au không c?n', '?au b?ng kinh', '??n nào th??ng', 'Các lo?i thu?c', 'nào th??ng ???c', 'lo?i thu?c gi?m']","[0.7265, 0.723, 0.7312, 0.567, 0.6462, 0.5517, 0.6736]",0.5714,"['?au b?ng kinh', 'gi?m ?au', '?au không c?n', 'lo?i thu?c gi?m', 'Các lo?i thu?c']",1,[],"Các lo?i thu?c gi?m ?au không c?n kê ??n th??ng ???c s? d?ng ?? gi?m ?au b?ng kinh là Acetaminophen (Paracetamol, Tylenol).",0.8615,0.79,0.8631,0.9785,0.8733,"Các lo?i thu?c gi?m ?au không c?n kê ??n th??ng ???c s? d?ng ?? gi?m ?au b?ng kinh là Acetaminophen (Paracetamol, Tylenol).",0.8733
47,unsloth/Qwen3-0.6B-unsloth-bnb-4bit,Expert_SP_EN,Chè v?ng có tác d?ng gì ??i v?i ph? n? sau sinh?,"M?t nghiên c?u khoa h?c có làm kháng sinh ?? so sánh v?i penicillin và streptomycin, clorocid và sunfamid thì th?y dây chè v?ng có tác d?ng kháng sinh m?nh h?n các thu?c trên ??i v?i t? c?u khu?n Staphyllococcus và liên c?u khu?n tan huy?t Streptococcus hemolytique. Nghiên c?u này còn dùng dây chè v?ng ch?a áp xe vú có hi?u qu?. Ph? n? sinh con u?ng chè v?ng th??ng xuyên giúp t?ng tuy?n s?a, duy trì ngu?n s?a và ch?ng viêm tuy?n s?a. Ngoài ra còn giúp s?n ph? chóng l?i s?c, ch?ng thi?u máu, m?t m?i, kém ?n. Chè v?ng ?ang ???c nghiên c?u v? các ho?t ??ng kháng khu?n, ch?ng oxy hóa và gây ??c t? bào. Các nghiên c?u y h?c hi?n ??i còn ?ang b??c ??u phân l?p các ho?t ch?t hóa h?c trong cây nên các nghiên c?u v? tác d?ng ?i?u tr? c?a nó còn r?t ít. Các tác d?ng ?i?u tr? hi?n nay ch? y?u d?a vào kinh nghi?m truy?n l?i.","Chè v?ng giúp ph? n? sau sinh t?ng tuy?n s?a, duy trì ngu?n s?a và ch?ng viêm tuy?n s?a. U?ng chè v?ng th??ng xuyên c?ng giúp s?n ph? chóng l?i s?c, ch?ng thi?u máu, m?t m?i và kém ?n.","['Chè', 'c?u', 'v?ng', 'nghiên', '??i v?i', 'tác d?ng', 'huy?t Streptococcus hemolytique']","[0.6007, 0.5082, 0.657, 0.4372, 0.4591, 0.589, 0.4678]",0.2857,"['v?ng', 'Chè', 'tác d?ng']",1,[],"Chè v?ng giúp t?ng tuy?n s?a, duy trì ngu?n s?a và ch?ng viêm tuy?n s?a.",0.5652,0.1826,0.3811,0.8711,0.5,"Chè v?ng giúp t?ng tuy?n s?a, duy trì ngu?n s?a và ch?ng viêm tuy?n s?a.",0.5
48,unsloth/Qwen3-0.6B-unsloth-bnb-4bit,Expert_SP_EN,Có ??t bi?n gen ??c hi?u nào ???c xác ??nh rõ ràng gây h?p eo ??ng m?ch ch? không?,"M?c dù không có ??t bi?n gen ??c hi?u nào ???c xác ??nh rõ ràng. Tuy nhiên, th? gi?i ?ã ghi nh?n các tr??ng h?p h?p eo ??ng m?ch có tính ch?t gia ?ình. C?n b?nh này có th? g?p trong h?i ch?ng Williams-Beuren, h?i ch?ng Sturge-eber.","Không, cho ??n th?i ?i?m này v?n ch?a có ??t bi?n gen ??c hi?u nào ???c xác ??nh rõ ràng gây h?p eo ??ng m?ch ch?.","['gen ??c', '??t bi?n', 'bi?n gen', '??c hi?u nào', 'nào ???c xác', 'hi?u nào ???c', '???c xác ??nh']","[0.5929, 0.5745, 0.58, 0.4482, 0.4519, 0.395, 0.4835]",1,"['gen ??c', 'bi?n gen', '??t bi?n']",0.4286,[],"Không, không có ??t bi?n gen ??c hi?u nào ???c xác ??nh rõ ràng gây h?p eo ??ng m?ch ch?.",0.8,0.675,0.7653,0.9363,0.7942,"Không, không có ??t bi?n gen ??c hi?u nào ???c xác ??nh rõ ràng gây h?p eo ??ng m?ch ch?.",0.7942
49,unsloth/Qwen3-0.6B-unsloth-bnb-4bit,Expert_SP_EN,"Qu? chanh có nh?ng ??c ?i?m gì v? hình dáng, màu s?c, mùi v??","Cây Chanh ng??i vi?t mu?n ?? c?p t?i ? ?ây là cây Chanh ta, hay Chanh gi?y (Citrus aurantifolia (Christm. et Panzer) Swingle) thu?c h? Cam quýt (Rutaceae). ?ây là lo?i cây b?i nh?, thân g? mang nhi?u gai. Gai ? cành th?ng, dài 1cm, còn gai ? thân dài 2 – 3 cm. Cây th??ng không quá cao, ch? t?m 1 – 3 m, có nh?ng cây lâu n?m có th? cao t?i 5 m. Thân cây ít khi m?c th?ng mà th??ng có nhánh m?c ra t? g?n g?c. Lá chanh màu xanh ??m, dày, c?ng v?i nhi?u mép lá hình r?ng c?a, hình tr?ng thuôn nh?n ? hai ??u. Kích th??c lá dài 4 – 6 cm, r?ng 3 – 4 cm, có nhi?u tuy?n nh?. Cu?ng lá có ??t, dài 1 cm, có cánh h?p. Lá chanh khi vò ra có mùi th?m ??c tr?ng. Hoa chanh màu tr?ng ho?c h?i ng? vàng xanh, ?ôi ch? pha màu tím nh?t. Hoa có 5 cánh nh? xinh, có th? m?c ??n l? ? nách lá ho?c t?o chùm 2 – 3 bông. Lá b?c hình m?i mác, nh?n hay h?i có lông. Hoa Chanh có mùi r?t th?m. Qu? hình c?u tròn tr?a, ???ng kính 3 – 6 cm. Khi còn non có màu xanh ??m, khi chín chuy?n vàng. V? qu? bóng, m?ng dính vào múi. Qu? Chanh chia thành 10 – 12 múi, m?i múi ch?a t?m 3 – 5 h?t. C?m qu? ch?a nhi?u n??c, v? r?t chua v?i hàm l??ng axit cao cùng v? th?m n?ng d? ch?u. Qu? chanh r? vào tháng 5 – 9, qu? chín sau 5 – 6 tháng khi hoa n?.","Qu? chanh hình c?u tròn tr?a, ???ng kính 3 – 6 cm. Khi còn non có màu xanh ??m, khi chín chuy?n vàng. V? qu? bóng, m?ng dính vào múi. Qu? Chanh chia thành 10 – 12 múi, m?i múi ch?a t?m 3 – 5 h?t. C?m qu? ch?a nhi?u n??c, v? r?t chua v?i hàm l??ng axit cao cùng v? th?m n?ng d? ch?u.","['Cây', 'Qu?', 'màu', 'hình', 'chanh', 'Christm. et Panzer', 'Citrus aurantifolia']","[0.5687, 0.6663, 0.57, 0.5075, 0.7352, 0.3949, 0.687]",0.5714,"['chanh', 'Citrus aurantifolia', 'Qu?', 'màu', 'Cây']",0.75,[],"Qu? chanh hình c?u tròn tr?a, ???ng kính 3 – 6 cm. Khi còn non có màu xanh ??m, khi chín chuy?n vàng. V? qu? bóng, m?ng dính vào múi. Qu? chanh chia thành 10 – 12 múi, m?i múi ch?a t?m 3 – 5 h?t. C?m qu? ch?a nhi?u n??c, v? r?t chua v?i hàm l??ng axit cao cùng v? th?m n?ng d? ch?u. Qu? chanh r? vào tháng 5 – 9, qu? chín sau 5 – 6 tháng khi hoa n?.",0.9057,0.759,0.9055,0.8696,0.86,"Qu? chanh hình c?u tròn tr?a, ???ng kính 3 – 6 cm. Khi còn non có màu xanh ??m, khi chín chuy?n vàng. V? qu? bóng, m?ng dính vào múi. Qu? chanh chia thành 10 – 12 múi, m?i múi ch?a t?m 3 – 5 h?t. C?m qu? ch?a nhi?u n??c, v? r?t chua v?i hàm l??ng axit cao cùng v? th?m n?ng d? ch?u. Qu? chanh r? vào tháng 5 – 9, qu? chín sau 5 – 6 tháng khi hoa n?.",0.86
