Sample_ID,Model,System_Prompt,Question,Context,Ground_Truth_Answer,PlanAndSolvePlus_EN,Thinking_Content
0,unsloth/Qwen3-0.6B-unsloth-bnb-4bit,Expert_SP_EN,Xuyên khung được dùng để điều trị những bệnh nào?,"Tính vị: Vị đắng, cay, mùi thơm, tính ấm, quy kinh Can, Đởm, Tâm bào. Công dụng: Hành khí, hoạt huyết, bổ huyết, điều kinh, giảm đau, trừ phong… Chủ trị: Nhức đầu, hoa mắt, phong thấp, đau mỏi cơ thể, kinh nguyệt không đều, cảm mạo,…2 Xem thêm: Hương nhu trắng: Cây thuốc rất hứa hẹn xung quanh ta","Xuyên khung được dùng để điều trị nhức đầu, hoa mắt, phong thấp, đau mỏi cơ thể, kinh nguyệt không đều, cảm mạo,…","### Final Answer:  
Tính vị được dùng để điều trị các bệnh như nhức đầu, hoa mắt, phong thấp, đau mỏi cơ thể, kinh nguyệt không đều, cảm mạo.","Okay, let's see. The user is asking what the ""tính vị"" (which I think translates to ""taste"") in the context is used for treating certain diseases. The provided context mentions the taste and its properties, and then lists the functions and main uses. 

First, I need to look through the Context for any mention of diseases or conditions. The context says ""Tính vị: Vị đắng, cay, mùi thơm, tính ấm, quy kinh Can, Đởm, Tâm bào. Công dụng: Hành khí, hoạt huyết, bổ huyết, điều kinh, giảm đau, trừ phong… Chủ trị: Nhức đầu, hoa mắt, phong thấp, đau mỏi cơ thể, kinh nguyệt không đều, cảm mạo,…2 Xem thêm: Hương nhu trắng: Cây thuốc rất hứa hẹn xung quanh ta."" 

So, the ""tính vị"" here refers to the taste, and the functions listed are the medicinal uses. The question is asking what the ""tính vị"" is used for treating. The answer should be the list of diseases mentioned in the context. 

Looking at the list: Nhức đầu, hoa mắt, phong thấp, đau mỏi cơ thể, kinh nguyệt không đều, cảm mạo. So the answer is those symptoms. The user probably wants a list in Vietnamese. I need to make sure I don't miss any other points. The context doesn't mention any other diseases, so the answer is the symptoms listed."
1,unsloth/Qwen3-0.6B-unsloth-bnb-4bit,Expert_SP_EN,"Thuốc Acetylcystein 200 mg được dùng để làm gì trong viêm khí quản, viêm phổi?","Thuốc Acetylcystein 200 mg được chỉ định dùng trong các bệnh lý đường hô hấp:1 - Làm loãng đờm trong các bệnh phế quản – phổi cấp và mãn tính kèm theo sự tăng tiết chất nhầy.
- Làm thông đường hô hấp trong viêm khí quản, viêm phổi.
- Dùng làm thuốc giải độc trong quá liều Paracetamol.","Thuốc Acetylcystein 200 mg dùng để làm thông đường hô hấp trong viêm khí quản, viêm phổi.","### Final Answer:  
Thuốc Acetylcystein 200 mg được dùng để làm loãng đờm trong các bệnh phế quản (như viêm phế quản, viêm phổi cấp và mãn tính) và làm thông đường hô hấp trong viêm khí quản, viêm phổi.","Okay, let's see. The user is asking what the Acetylcystein 200 mg drug is used for in conditions like pharyngitis and bronchitis. The context provided mentions that this drug is used for both pharyngitis and bronchitis. The first sentence in the context says it's used to make the mucus loosen in conditions such as pharyngitis and bronchitis. Then it lists the uses: making the airway clear in pharyngitis and bronchitis, and using it as a drug to help with the fever in the case of Paracetamol.

So the answer should be that the drug is used for treating pharyngitis and bronchitis. The key points from the context are that it's used to loosen mucus and to clear the airway. The answer needs to be in Vietnamese, so I'll make sure to translate that correctly."
2,unsloth/Qwen3-0.6B-unsloth-bnb-4bit,Expert_SP_EN,Rau ngổ có chứa những thành phần hóa học nào?,"Rau ngổ chứa 0.13% tinh dầu, flavonoid và tanin. Trong tinh dầu chủ yếu là d-limonen và d-penlaldehyd.","Rau ngổ chứa 0,13% tinh dầu, flavonoid và tanin.","### Final Answer:  
Rau ngổ chứa các thành phần hóa học như: 0.13% tinh dầu, flavonoid, và tanin, trong đó chủ yếu là d-limonen và d-penlaldehyd.","Okay, let's see. The user is asking what chemical components are present in the plant, specifically Rau ngổ. The Context provided mentions that Rau ngổ contains 0.13% tinh dầu, flavonoid, and tanin. The main components are d-limonene and d-penlaldehyd. 

So, the answer should list these components. I need to make sure I don't miss any key points. The percentages and the specific compounds are important here. The question is straightforward, so just need to extract the information from the Context. Let me check again to confirm. Yes, the answer should include the percentages and the specific compounds mentioned."
3,unsloth/Qwen3-0.6B-unsloth-bnb-4bit,Expert_SP_EN,Cetirizine có thể tương tác với các loại thuốc nào?,"- Lưu ý, cần phải điều chỉnh liều ở người suy thận vừa hoặc nặng và người đang thẩm phân thận nhân tạo.
- Không những vậy, cần điều chỉnh liều ở người suy gan.
- Lưu ý, ở một số người bệnh sử dụng cetirizine có hiện tượng ngủ gà, do vậy nên thận trọng khi lái xe, hoặc vận hành máy. Vì dễ gây nguy hiểm.
- Ngoài ra, tránh dùng đồng thời cetirizine với rượu và các thuốc ức chế thần kinh trung ương, vì làm tăng thêm tác dụng của các thuốc này","Cetirizine có thể tương tác với rượu và các thuốc ức chế thần kinh trung ương, làm tăng thêm tác dụng của các thuốc này. Do đó, tránh dùng đồng thời Cetirizine với rượu và các thuốc ức chế thần kinh trung ương.","### Final Answer:  
Cetirizine có thể tương tác với các loại thuốc ức chế thần kinh trung ương, rượu, và các thuốc gây nguy hiểm khác. Cần thận trọng khi sử dụng và tránh dùng đồng thời với rượu và các thuốc này.","Okay, let's see. The user is asking about what medications can interact with cetirizine. The context provided mentions that cetirizine can cause sleep apnea, so they need to be cautious when driving or operating machinery. Also, it's important to avoid taking cetirizine with alcohol and other central-acting antipsychotics because that might increase the effects of these drugs.

So, the answer should list the specific interactions mentioned in the context. The key points are: alcohol, central-acting antipsychotics. Need to make sure the answer is in Vietnamese and follows the steps provided."
4,unsloth/Qwen3-0.6B-unsloth-bnb-4bit,Expert_SP_EN,Thể bại liệt là gì?,"- Bệnh nhân liệt tiến triển, dần ra toàn thân.
- Bí tiểu tiện, đại tiện,…
- Liệt các cơ hô hấp, cuối cùng cũng dẫn đến tử vong, tuy có chậm hơn thể hung dữ. Bạn có thể tìm hiểu thêm: Trẻ bị thú cưng cắn, bạn đã xử trí đúng cách chưa?",Thể bại liệt là một kiểu biểu hiện của bệnh dại.,"### Final Answer:  
Thể bại liệt là một bệnh lý xảy ra khi cơ thể bị tổn thương, khiến người bệnh không thể vận động các cơ quan như cơ hô hấp, cơ mặt, cơ chân, và dẫn đến các triệu chứng như liệt toàn thân, khó tiểu, đại tiểu tiện, và tử vong. Điều này có thể xảy ra do một số nguyên nhân cụ thể, tùy từng trường hợp mà bệnh có thể gây ra.","Okay, let's tackle this question. The user is asking about ""Thể bại liệt"" (paraplegia) based on the provided context. 

First, I need to check the Context. The context mentions that the patient is losing the ability to move, and there are symptoms like constipation and difficulty in urination. It also states that the patient has a condition that leads to death, even though it's slower. The question is asking for the definition of paraplegia.

Looking at the context, the key points are the patient's condition, the symptoms mentioned, and the cause. The answer should be based on these points. Since the context doesn't provide a direct definition, I need to infer it from the symptoms and the cause mentioned. The answer should explain that paraplegia is a condition where the person loses the ability to move, leading to symptoms like constipation and difficulty in urination, and that the patient's condition caused death. 

I need to make sure I'm not missing any other details. The context mentions the patient's condition, so the answer should tie those points together. The final answer should be concise and in Vietnamese."
5,unsloth/Qwen3-0.6B-unsloth-bnb-4bit,Expert_SP_EN,Những yếu tố gây ra hội chứng đái tháo nhạt trung ương là gì?,"- Đái tháo nhạt trung ương. Tổn thương xuất hiện ở vùng hạ đồi hay tuyến yên. Các tác nhân gây thương tổn có thể là chấn thương đầu, phẫu thuật hay u. Khi đó, vùng hạ đồi và tuyến yên bị rối loạn chức năng, gây ảnh hưởng đến sự tiết hormone ADH. Một bệnh lý di truyền cũng có thể gây ra đái tháo nhạt trung ương thông qua cơ chế này.
- Đái tháo nhạt do thận. Nguyên nhân của đái tháo nhạt do thận là các rối loạn tại ống thận. Thông thường, ống thận sẽ tham gia tái hấp thu và đào thải dưới sự điều hòa của ADH. Các rối loạn tại ống thận làm mất sự điều hòa nội tiết này, gây ra bệnh. Nguyên nhân có thể do bệnh lý di truyền hay bệnh thận mạn tính. Một số thuốc như foscarnet, lithium hay thuốc kháng virus có thể gây ra tình trạng tương tự.
- Đái tháo nhạt thai kỳ. Đây là một tình trạng hiếm gặp. Bệnh lý xảy ra khi mang thai, nhau thai gây phá hủy ADH trong máu của người mẹ.
- Chứng uống nhiều tiên phát (cuồng uống nguyên phát). Nguyên nhân là do bệnh nhân uống quá nhiều nước, gây tiểu nhiều và làm loãng nước tiểu. Tình trạng này có liên quan đến bệnh lý tâm thần, như tâm thần phân liệt. Đôi khi bệnh không tìm được nguyên nhân. Một số trường hợp hiếm gặp có ghi nhận bệnh tự miễn gây tổn thương tế bào sản xuất ADH, dẫn đến bệnh đái tháo nhạt.","Hội chứng đái tháo nhạt trung ương có thể xuất hiện do chấn thương đầu, phẫu thuật hay u làm tổn thương vùng hạ đồi hay tuyến yên, gây rối loạn chức năng sản sinh hormone ADH, ảnh hưởng đến khả năng tái hấp thu nước ở thận.","### Final Answer:  
Hội chứng đái tháo nhạt trung ương có thể gây ra bởi các yếu tố sau:  
1. Chấn thương đầu, phẫu thuật, hoặc u.  
2. Các rối loạn tại ống thận, dẫn đến mất sự điều hòa nội tiết hormone ADH.  
3. Bệnh lý di truyền hoặc bệnh thận mạn tính.  
4. Bệnh thai kỳ, gây phá hủy ADH trong máu.  
5. Các nguyên nhân khác như chấn thương tâm thần, bệnh tự miễn, hoặc rối loạn nội tiết.","Okay, let's tackle this question. The user is asking what factors cause the condition of diabetes mellitus. The provided context has several points to consider.

First, looking at the context, there are several mentions of diabetes mellitus. The first part says that diabetes mellitus is a condition where the central nervous system is affected. The central nervous system can be affected by trauma, surgery, or tumors. The symptoms include issues with the adrenal glands, which can lead to problems with hormone ADH. So the key factors here are trauma, surgery, tumors, and the central nervous system.

Then there's another part about diabetes mellitus due to the kidneys. The cause is issues with the kidneys, which can lead to problems with hormone regulation. The cause could be a disease in the kidneys, like a chronic disease, or maybe a genetic condition. Some medications can also contribute to this.

Another point is diabetes in pregnancy, where the mother's body is affected, leading to issues with ADH. Then there's a mention of diabetes in the first trimester, which is rare. The context also includes a condition called ""diabetes mellitus"" in the first trimester, which is rare. 

So putting this all together, the factors are trauma, surgery, tumors, central nervous system issues, kidney problems, and possibly genetic or other underlying causes. The answer should list these factors in a clear way."
6,unsloth/Qwen3-0.6B-unsloth-bnb-4bit,Expert_SP_EN,Hai trong số bệnh lý rối loạn đông máu thường gặp gây ra kinh nguyệt kéo dài là gì?,Các bệnh lý rối loạn đông máu toàn thân có thể gây ra kinh nguyệt kéo dài. Hai trong số bệnh lý thường gặp này là bệnh Hemophillia và bệnh Von Willebrand. Kinh nguyệt kéo dài có thể là dấu hiệu duy nhất của một trong những bệnh lý này hoặc có thể có các triệu chứng khác.,Bệnh Hemophillia và bệnh Von Willebrand là hai trong số bệnh lý rối loạn đông máu thường gặp gây ra kinh nguyệt kéo dài.,### Final Answer: Hai trong số bệnh lý rối loạn đông máu thường gặp gây ra kinh nguyệt kéo dài là bệnh Hemophilia và bệnh Von Willebrand.,"Okay, let's see. The user is asking which of the two common blood clotting disorders that cause prolonged menstruation are the answer. The context provided mentions that Hemophilia and Von Willebrand are the two most common. The question is straightforward: list the two.

First, I need to check the Context again. It states that Hemophilia and Von Willebrand are the two most common. So the answer should be those two. I should make sure there's no other information in the context that might affect this. The context doesn't mention any other symptoms besides prolonged periods. So the answer is clear."
7,unsloth/Qwen3-0.6B-unsloth-bnb-4bit,Expert_SP_EN,Có thể nào một người khỏe mạnh bị nhiễm liên cầu nhóm B không?,"Như đã nói ở trên, liên cầu nhóm B có thể xuất hiện ở người khoẻ mạnh. Bạn có thể nhiễm vi trùng này rồi tự khỏi. Chúng cứ xuất hiện rồi lại biến mất, hoặc cư trú thường xuyên trong cơ thể bạn. Đặc biệt, vi khuẩn này không lây truyền qua đường tình dục, cũng không lây lan qua thức ăn, nước uống. Phương thức lây truyền của vi khuẩn này từ người sang người vẫn chưa được biết rõ. Đối với trẻ sơ sinh, trẻ nhiễm liên cầu từ mẹ. Trong quá trình sinh, khi đi qua âm đạo, trẻ tiếp xúc và nhiễm vi khuẩn này.","Có, người khỏe mạnh cũng có thể bị nhiễm liên cầu nhóm B.","### Final Answer:  
Một người khỏe mạnh có thể bị nhiễm vi khuẩn nhóm B.","Okay, let's tackle this question. The user is asking which of the following can a healthy person be infected with group B strep. The provided context mentions that group B strep can appear in healthy individuals. The context also states that the bacteria can appear and then disappear, or be present in the body in a regular way. It also notes that it doesn't spread through sexual contact, food, or water. For infants, it's transmitted from the mother. 

So, the key points here are that group B strep can be present in healthy individuals, and the answer should be based on that. The question is asking which option is correct, so the answer should be that a healthy person can be infected with group B strep. The context supports this by stating that it can appear in healthy individuals. Therefore, the answer is that a healthy person can be infected with group B strep."
8,unsloth/Qwen3-0.6B-unsloth-bnb-4bit,Expert_SP_EN,Chúng ta hãm nước nhục quế như thế nào?,"Lấy miếng quế mài ra, hòa cùng nước để uống. Pha như pha trà: gọt quết thành từng miếng nhỏ, bỏ vào ấm cho nước nóng vào rồi rót đổ bỏ ngay. Thêm nước sôi lần hai, chờ ngấm rồi để nguội uống. Có thể hãm 2 – 3 lần nước để uống, loại tốt có thể hãm 5 – 6 lần nước. Rượu quế: nhục quế 6g rượu vừa đủ. Nhục quế giã nát, ngâm rượu trong 3 ngày, uống ấm. Thích hợp dùng khi bị đau nhức mình mẩy do cảm lạnh.","Bạn cắt nhục quế thành những miếng nhỏ sau đó cho vào ấm rồi chế thêm nước nóng vào, sau đó rót bỏ ngay. Tiếp theo lại chế nước sôi lần 2 sau đó chờ một lúc thì uống, có thể hãm nước nhục quế 2-3 lần, loại tốt có thể hãm 5-6 lần.","### Final Answer:  
Chúng ta hãm nước nhục quế bằng cách: gọt quế mài ra, hòa cùng nước để uống. Pha như pha trà: gọt quết thành từng miếng nhỏ, bỏ vào ấm cho nước nóng vào rồi rót đổ bỏ ngay. Có thể hãm 2 – 3 lần nước để uống, loại tốt có thể hãm 5 – 6 lần nước. Rượu quế: nhục quế 6g vừa đủ, giã nát, ngâm rượu trong 3 ngày, uống ấm.","Okay, let's see. The user is asking how we drink the rice wine. The context provided is a Vietnamese recipe for making rice wine. The steps are: take a piece of rice, mix with water to make tea. Then, chop the rice into small pieces, add to a hot cup, pour again, let it cool down. The user can drink it 2-3 times, and the rice wine is made by adding 6g of rice wine. The rice is soaked for 3 days before drinking. 

So the question is asking about the method of drinking the rice wine. The answer should mention the steps: mix rice with water, chop, add to hot tea, repeat, and drink. Also, the amount used is 6g of rice wine. The answer needs to be in Vietnamese, so I'll make sure to translate the steps accurately."
9,unsloth/Qwen3-0.6B-unsloth-bnb-4bit,Expert_SP_EN,Làm thế nào để sử dụng Azibiotic?,"- Azithromycin được dùng 1 lần/ngày.
- Người lớn: Điều trị bệnh lây qua đường tình dục với một liều duy nhất là 1 gam.
- Các chỉ định khác: điều trị viêm phế quản, viêm phổi, viêm họng, nhiễm khuẩn da và mô mềm. Liều ngày đầu tiên: Azithromycin 500 mg; 4 ngày tiếp theo: liều đơn 250 mg/ngày.
- Người cao tuổi: bằng liều của người lớn. Liều dùng trên đây chỉ mang tính chất tham khảo. Liều dùng cụ thể tùy thuộc vào tình trạng bệnh và cơ địa của từng người. Vì vậy, bạn nên đến gặp bác sĩ để được kê đơn thuốc với liều dùng phù hợp với bạn.",Azibiotic được dùng 1 lần/ngày.,"### Final Answer:  
Azithromycin được sử dụng 1 lần/ngày. Người lớn nên dùng liều 1 gam, trong đó liều đầu tiên là 500 mg và liều tiếp theo là 250 mg mỗi ngày. Người cao tuổi cũng nên dùng liều tương tự, nhưng cần điều chỉnh dựa trên tình trạng bệnh và cơ địa của từng người. Liều dùng trên đây chỉ mang tính chất tham khảo.","Okay, let's see. The user is asking how to use Azithromycin. The Context provided has several points. First, Azithromycin is prescribed once a day. Then, for adults, the dose is 1 gram once. The elderly also take the same dose. The first day is 500 mg, then 250 mg for four days. The elderly's dose is the same as adults, but it's a general guideline. So, the answer should mention the daily dose, the specific dosage for adults and elderly, and the fact that it's a once-dose treatment. Need to make sure to mention the key points from the Context."
10,unsloth/Qwen3-0.6B-unsloth-bnb-4bit,Expert_SP_EN,Nêu tên các triệu chứng vận đông điển hình của bệnh Parkinson?,"Là những triệu chứng ảnh hưởng đến chức năng vận động của cơ thể. Đây là những triệu chứng rõ ràng nhất của bệnh Parkinson. Các triệu chứng vận động chính của bệnh là run, chậm vận động, cứng khớp và cân bằng kém (mất ổn định tư thế). Ở giai đoạn đầu, những triệu chứng này thường nhẹ. Các triệu chứng thường bắt đầu ở một bên của cơ thể và có thể tiến triển thành hai bên sau một vài năm. Khi diễn tiến nặng dần, một vài người có thể gặp khó khăn trong việc đi lại, nói chuyện và các công việc thường ngày khác. Các triệu chứng này thường tiến triển chậm. Tuy nhiên tốc độ diễn tiến sẽ khác nhau ở mỗi người. Các triệu chứng của bệnh Parkinson có thể được kiểm soát tốt trong một thời gian dài. - Run Run điển hình trong bệnh Parkinson là run khi nghỉ. Trong giai đoạn sớm, thường là run không liên tục và khó phát hiện. Một số bệnh nhân cho thấy rằng cảm giác “run bên trong” ở tay, chân hoặc cơ thể mà không thể thấy được. Sau này khi cường độ run nhiều hơn, người ta sẽ dễ chú ý hơn. Run thường xảy ra ở một tay và được mô tả như là đang “lăn viên thuốc”. Sau một vài năm có thể diễn tiến thành run hai bên. Các bộ phận khác cũng có thể bị run như chân, môi, hàm hoặc lưỡi. Tuy vậy, run trong bệnh Parkinson thường không ảnh hưởng đến đầu. Bên bị run đầu tiên cũng có xu hướng bị nặng hơn trong suốt diễn tiến của bệnh. - Chậm vận động Đa số mọi bệnh nhân bệnh Parkinson đều có chậm vận động và có thể làm cho người bệnh cảm thấy yếu sức, mệt mỏi. Ở cánh tay, chậm vận động có thể gây khó khăn trong những hoạt động như cài nút áo, buộc dây giày, đánh máy tính… Chậm vận động có thể khiến cho người bệnh khó nhấc chân lên khi đi, bước đi chậm ngắn hơn và cảm giác không vững. Người bệnh cũng có thể gặp những khó khăn khi thay đổi tư thế từ đang ngồi sang đứng dậy. - Cứng cơ Có thể gặp trong vận động của tay, chân hoặc thân mình. Thường khởi đầu ở một bên của cơ thể cùng những triệu chứng khác như run, chậm vận động. Khi bệnh tiến triển, có thể ảnh hưởng cả hai bên. - Mất thăng bằng (mất ổn định tư thế) Thông thường những phản xạ tự động trong não giúp chúng ta giữ được thăng bằng khi đi hoặc đứng. Ở những người bệnh Parkinson những phản xạ tự động này thường giảm hoặc mất, khiến cho người bệnh bị mất thăng bằng. Mất thăng bằng thường hiếm gặp ở giai đoạn đầu của bệnh, mà thường gặp ở giai đoạn trễ. Khi các phản xạ tự động bị mất, người bệnh có thể gặp khó khăn nhiều hơn trong việc đi lại, thậm chí có thể cần có người hỗ trợ hoặc ngồi xe lăn. Nếu như mất thăng bằng tiến triển sớm ở giai đoạn đầu của bệnh, thì sẽ ít khi nghĩ đến bệnh Parkinson hơn, mà có thể nghĩ đến hội chứng Parkinson khác như teo cơ hệ thống hoặc liệt trên nhân tiến triển.","Các triệu chứng vận đông điển hình của bệnh Parkinson là run, chậm vận đông, cứng khớp và mất thăng bang (mất ổn định tư thể).","### Final Answer:  
Các triệu chứng điển hình của bệnh Parkinson là:  
1. **Đau run** (run).  
2. **Chậm vận động**.  
3. **Cứng cơ**.  
4. **Mất ổn định tư thế**.","Okay, let's tackle this question. The user is asking for the common symptoms of Parkinson's disease in terms of movement. The context provided is a detailed explanation of the symptoms, including run, slow movement, rigidity, and balance issues. 

First, I need to check the key points from the context. The first paragraph mentions that these are the main symptoms, and the first thing to note is ""Run"" as an example. The context also states that ""Run"" is a typical symptom, like when you rest. Then it talks about ""Slow movement"" and ""Rigidity"" as other symptoms. 

I should list these symptoms in a clear list. The answer should be in Vietnamese, so I need to make sure the terms are correctly translated. The user probably wants a list of the main symptoms, so I'll structure the answer accordingly."
11,unsloth/Qwen3-0.6B-unsloth-bnb-4bit,Expert_SP_EN,Trong trường hợp nào thì Bisoloc được sử dụng để điều trị suy tim?,"Bisoloc được chỉ định trong một số trường hợp: - Tăng huyết áp.
- Đau thắt ngực.
- Suy tim mạn ổn định, từ vừa đến nặng, kèm giảm chức năng tâm thu thất trái đã được điều trị cùng với các thuốc ức chế enzym chuyển, lợi tiểu, và với glycosid trợ tim. Chỉ định này do thầy thuốc chuyên khoa quyết định Bạn nên nhớ đây là thuốc bán theo đơn và chỉ được sử dụng khi có chỉ dẫn của bác sĩ.","Bisoloc được sử dụng để điều trị suy tim mạn ổn định, từ vừa đến nặng, kèm giảm chức năng tâm thu thất trái đã được điều trị cùng với các thuốc ức chế enzym chuyển, lợi tiểu, và với glycosid trợ tim.","### Final Answer:  
Bisoloc được sử dụng để điều trị suy tim mạn ổn định, từ vừa đến nặng, kèm giảm chức năng tâm thu thất trái.","Okay, let's see. The user is asking in Vietnamese, and the question is ""Trong trường hợp nào thì Bisoloc được sử dụng để điều trị suy tim?"" So they want to know in which cases Bisoloc is used for treating heart disease.

Looking at the provided context, the first thing I notice is that Bisoloc is prescribed in some cases. The context says: ""Bisoloc được chỉ định trong một số trường hợp: - Tăng huyết áp. - Đau thắt ngực. - Suy tim mạn ổn định, từ vừa đến nặng, kèm giảm chức năng tâm thu thất trái đã được điều trị cùng với các thuốc ức chế enzym chuyển, lợi tiểu, và với glycosid trợ tim. Chỉ định này do thầy thuốc chuyên khoa quyết định.""

So the answer should be the three cases mentioned: increased blood pressure, chest pain, and stable heart failure. The key points here are that Bisoloc is used for these conditions. The answer should list those three points in Vietnamese. I need to make sure I'm not missing any other information, but the context clearly states those three cases. So the final answer should be the three points listed."
12,unsloth/Qwen3-0.6B-unsloth-bnb-4bit,Expert_SP_EN,Tỷ lệ lưu hành của phì đại thất trái trong dân số nói chung là bao nhiêu?,"Phì đại thất trái hiện diện ở 15% đến 20% dân số nói chung. Nó thường phổ biến hơn ở người da đen, người già, người béo phì và bệnh nhân cao huyết áp. Một đánh giá về dữ liệu siêu âm tim của 37.700 người cho thấy tỷ lệ lưu hành LVH là 19% – 48% ở người cao huyết áp không được điều trị. Và 58% -77% ở bệnh nhân tăng huyết áp có nguy cơ cao. Sự hiện diện của béo phì cũng làm tăng gấp 2 lần nguy cơ phát triển LVH. Tỷ lệ lưu hành LVH dao động từ 36% đến 41% trong dân số, tùy thuộc vào tiêu chí được sử dụng để xác định nó. Tỷ lệ lưu hành LVH không được báo cáo là khác biệt giữa nam và nữ (khoảng 36,0% so với 37,9% . Tỷ lệ phì đại tâm thấn trái lệch tâm tương đối nhiều hơn so với phì đại đồng tâm.",Tỷ lệ lưu hành của phì đại thất trái trong dân số nói chung dao động từ 15% đến 20%.,"### Final Answer:  
Tỷ lệ lưu hành của phì đại thất trái trong dân số nói chung là khoảng 15-20%.","Okay, let's tackle this question. The user is asking for the percentage of heart failure in the general population. The provided context mentions that it's present in 15% to 20% of the population. Then it gives some statistics: 19% to 48% in people with hypertension, and 58% to 77% in those with high risk. Also, it states that obesity increases the risk by a factor of two. The answer should be in Vietnamese, so I need to make sure I use the right numbers and terms.

First, I need to check the numbers given. The initial statement says 15-20% is the general percentage. Then later, it mentions 19-48% for hypertension and 58-77% for high risk. The question is asking for the general population, so the answer should be the 15-20% range. The numbers in the context are given as 15-20%, so I can directly state that. There's no need to go into the other statistics unless the question is asking for a specific range. The answer should be in Vietnamese, so I'll format it accordingly."
13,unsloth/Qwen3-0.6B-unsloth-bnb-4bit,Expert_SP_EN,"Trong trường hợp máu mất rỉ ra và không được phát hiện, người bệnh sẽ có những dấu hiệu gì?","- Khi lượng máu mất nhiều và đột ngột, người bệnh có thể có triệu chứng như đau đầu, chóng mặt, ù tai. Nặng nề hơn là khó thở, hạ huyết áp hay ngất. Đây là những dấu hiệu nặng cần được đến cấp cứu ngay.
- Nếu máu mất rỉ ra mà không được phát hiện, người bệnh sẽ có những dấu hiệu của thiếu máu mạn như xanh xao, mệt mỏi, giảm trí nhớ, giảm vận động,…","Nếu máu mất rỉ ra mà không được phát hiện, người bệnh sẽ có những dấu hiệu của thiếu máu mạn như xanh xao, mệt mỏi, giảm trí nhớ, giảm vận động,…","### Final Answer:  
Trong trường hợp máu mất rỉ ra và không được phát hiện, người bệnh có thể gặp các dấu hiệu như đau đầu, chóng mặt, ù tai, khó thở, mệt mỏi, giảm trí nhớ, và giảm vận động.","Okay, let's see. The user is asking what symptoms a patient would experience if their blood is lost and not detected. The context provided mentions that in such cases, symptoms include headache, dizziness, and difficulty breathing. It also states that if the bleeding isn't detected, the patient might show signs like lethargy, fatigue, and reduced memory. 

So, the answer should list those symptoms. I need to make sure I don't miss any key points from the context. The first part of the context talks about symptoms when blood loss is sudden, and the second part about not detecting the bleeding leading to other symptoms. 

I should check if there's any other information in the context that might affect the answer. The context doesn't mention anything else, so the answer should be based solely on what's provided. 

Putting it all together, the answer should list the symptoms as specified in the context."
14,unsloth/Qwen3-0.6B-unsloth-bnb-4bit,Expert_SP_EN,Tác dụng của thuốc cisapride trên trẻ em như thế nào?,Thuốc cisaprid bài tiết qua sữa mẹ. Nên thận trọng khi dùng thuốc cho phụ nữ trong thời kỳ cho con bú. Tác dụng trên trẻ em chưa được rõ.,Tác dụng trên trẻ em chưa được rõ.,"### Final Answer:  
Cisapride tác dụng trên trẻ em chưa được rõ. Thuốc được bài tiết qua sữa mẹ, nên cần thận trọng khi dùng cho phụ nữ trong thời kỳ cho con bú. Tác dụng cụ thể của thuốc vẫn chưa được rõ ràng.","Okay, let's see. The user is asking about the effects of cisapride on children. The context provided mentions that the drug is secreted through breast milk, and it's important to be cautious when using it during breastfeeding. Also, the child's development is not clear.

So, the key points here are that the drug is given to breastfed mothers, and the child's development isn't clear. The question is about the effects on the child. The answer should mention that the drug is secreted through the mother's milk, so it's given to the child, and that the effects on the child's development aren't clear. I need to make sure I'm not missing any other details. The context doesn't mention any specific effects like side effects or symptoms, just the information given. So the answer should be concise, stating that the drug is given to the child and that the effects aren't clear."
15,unsloth/Qwen3-0.6B-unsloth-bnb-4bit,Expert_SP_EN,Giải áp vi mạch là phương pháp như thế nào?,"Một số thủ thuật thường có thể giúp kiểm soát cơn đau do đau dây thần kinh sinh ba nếu điều trị thuốc thất bại, bao gồm: Cắt rễ bằng tần số phóng xạ nhiệt Đây là phương pháp ứng dụng nhiều nhất bằng cách tạo ra tổn thương nhiệt ở hạch hoặc dây thần kinh sinh ba. Ưu điểm: Giảm đau trong giai đoạn ngắn > 80% bệnh nhân điều trị. Nhược điểm: - Những nghiên cứu lâu dài cho thấy đau tái phát trong một số phần trăm bệnh nhân.
- Các biến chứng bao gồm tê một phần mặt, thỉnh thoảng có loạn cảm khó chịu, yếu cơ cắn, và nguy cơ mất phân bố thần kinh giác mạc gây viêm giác mạc thứ phát khi điều trị ở cho nhánh V1 trong đau thần kinh sinh ba. Phẫu thuật phóng xạ bằng tia Gamma Phương pháp này mang lại hiệu quả giảm đau hoàn toàn cho hơn 2/3 bệnh nhân. Ưu điểm: Sự đáp ứng giảm đau thường kéo dài theo thời gian. Các nguy cơ biến chứng nguy hiểm thấp hơn so với phương pháp cắt rễ bằng tần số phóng xạ nhiệt Nhược điểm: Ít hiệu quả hơn một chút so với cắt rễ bằng tần số phóng xạ nhiệt Giải áp vi mạch Phương pháp này đòi hỏi một thủ thuật mở hộp sọ dưới chẩm. Phù hợp với những người có sức khỏe tốt, có thể chịu được phẫu thuật và gây mê toàn thân và có thể chịu được lối sống phù hợp với thời gian hồi phục từ bốn đến sáu tuần. ` Bác sĩ phẫu thuật rạch một đường sau tai và cắt bỏ một mảnh hộp sọ nhỏ để tiếp cận với dây thần kinh và mạch máu. Sau đó, bác sĩ phẫu thuật đặt một lớp đệm cách nhiệt xung quanh mạch máu để nó không còn chèn ép hoặc cọ xát vào dây thần kinh Ưu điểm: - Trong các phương pháp điều trị phẫu thuật khác nhau, nó có tỉ lệ thành công lâu dài cao nhất (~50% bệnh nhân giảm đau hoàn toàn sau 3 năm thực hiện phương pháp này).
- Ngoài ra, có thể thực hiện thực hiện ở bệnh nhân trước đây đã cắt rễ bằng tần số phóng xạ nhiệt hay phẫu thuật phóng xạ bằng tia Gamma có đau trở lại.
- Giải toả áp lực lên dây thần kinh sinh ba.
- Trên 70% có hiệu quả với tỉ lệ thấp tái phát đau. Nhược điểm: Số ít phần trăm các trường hợp tổn thương dây thần kinh sọ VII và VIII quanh thời điểm phẫu thuật. Mặc dù đau dây thần kinh sinh ba không gây tử vong, nhưng những cơn đau và sự lo lắng mà nó gây ra có thể làm giảm chất lượng cuộc sống của một người. Vì thế bệnh nhân cần hợp tác chặt chẽ với bác sỹ để tìm ra phương pháp điều trị tốt nhất cho mỗi cá nhân. Phẫu thuật điều trị bệnh rất tinh vi và chính xác vì vùng liên quan rất nhỏ. Do đó, cần tìm đến các bác sĩ phẫu thuật thần kinh có kinh nghiệm để khám và điều trị hiệu quả nhất.","Giải áp vi mạch là phương pháp phẫu thuật mở hộp sọ dưới chẩm, bác sĩ sẽ rạch một đường sau tai và cắt bỏ một mảnh hộp sọ nhỏ để tiếp cận với dây thần kinh và mạch máu. Sau đó, bác sĩ sẽ đặt một lớp đệm cách nhiệt xung quanh mạch máu để nó không còn chèn ép hoặc cọ xát vào dây thần kinh.","### Final Answer:  
Giải áp vi mạch là phương pháp áp dụng để giải áp lực lên dây thần kinh sinh ba. Phương pháp này mang lại hiệu quả giảm đau hoàn toàn cho hơn 2/3 bệnh nhân, với ưu điểm là tỉ lệ thành công lâu dài cao (~50% bệnh nhân giảm đau hoàn toàn sau 3 năm thực hiện).","Okay, let's tackle this question. The user is asking, ""Giải áp vi mạch là phương pháp như thế nào?"" which translates to ""What is the application of the pressure release method?"" So, I need to answer based on the provided context.

First, I'll look through the Context. The Context mentions several methods: Radiofrequency (RF) heating, Gamma radiation, and the ""solution"" method. The ""solution"" method is described as a way to release pressure. Let me check the relevant parts again.

In the Context, there's a line: ""Giải áp vi mạch Phương pháp này mang lại hiệu quả giảm đau hoàn toàn cho hơn 2/3 bệnh nhân. Ưu điểm: ... các phương pháp khác nhau, có tỉ lệ thành công lâu dài cao nhất (~50% bệnh nhân giảm đau hoàn toàn sau 3 năm thực hiện phương pháp này."" Then later, there's a mention: ""Giải áp vi mạch Phương pháp này đòi hỏi một thủ thuật mở hộp sọ dưới chẩm. Phù hợp với những người có sức khỏe tốt..."" So, the ""solution"" method is the pressure release method. The answer should state that it's the pressure release method, and the context confirms that."
16,unsloth/Qwen3-0.6B-unsloth-bnb-4bit,Expert_SP_EN,Phương pháp nào được sử dụng để chiết xuất tinh dầu hoa cam?,"Tinh dầu hoa cam là tinh dầu chiết xuất từ hoa của cây cam đắng. Tên khoa học: Citrus aurantium L.1 Người ta dùng phương pháp chưng cất tinh dầu bằng hơi nước (steam distillation) hoặc chưng cất hydro (hydrodistillation). Để chiết tách triệt để tinh dầu, người ta còn dùng thêm một số loại dung môi hóa học như hexan. Sau đó tách lọc dung môi, cô đặc mới thu được toàn bộ lượng tinh dầu. Tinh dầu này có mùi hoa ngọt, màu vàng nhạt, và hơi đắng nhẹ.",Phương pháp chưng cất tinh dầu bằng hơi nước (steam distillation) hoặc chưng cất hydro (hydrodistillation) được sử dụng để chiết xuất tinh dầu hoa cam.,"### Final Answer:  
Phương pháp được sử dụng để chiết xuất tinh dầu hoa cam là phương pháp chưng cất tinh dầu bằng hơi nước (steam distillation) hoặc chưng cất hydro (hydrodistillation).","Okay, let's see. The user is asking which method is used to extract the camille oil. The context provided mentions that the oil is extracted using steam distillation or hydrodistillation. Also, they mention that the method is done by heating with steam or using water. The answer should be in Vietnamese, so I need to make sure I use the correct terms.

Looking at the context again, the key points are: the oil is obtained through steam distillation or hydrodistillation. The steps include using steam or water. So the answer should be ""phương pháp steam distillation hoặc hydrodistillation"". I need to check if there's any other information that might affect this, but the context clearly states those two methods. No other details are needed here. So the final answer is in Vietnamese."
17,unsloth/Qwen3-0.6B-unsloth-bnb-4bit,Expert_SP_EN,Thành phần của bài thuốc trị đau bao tử do lạnh dùng Xuyên tiêu gồm những gì?,"Xuyên tiêu 4g, Phụ tử 10g (sắc trước), Khương bán hạ 10g. Tán bột mịn làm hoàn, mỗi lần uống 6g, ngày 2 lần.","Bài thuốc này bao gồm Xuyên tiêu 4g, Phụ tử 10g, Khương bán hạ 10g.","### Final Answer:  
Bài thuốc trị đau bao tử do lạnh dùng Xuyên tiêu gồm: Xuyên tiêu 4g, Phụ tử 10g, Khương bán hạ 10g.","Okay, let's see. The user is asking about the composition of the pain-relieving medicine that uses Xuyên tiêu. The context provided is a recipe: Xuyên tiêu 4g, Phụ tử 10g, Khương bán hạ 10g, mixed into a powder, each dose 6g, taken twice a day. 

First, I need to parse this. The key components here are the three herbs: Xuyên tiêu, Phụ tử, and Khương bán hạ. The quantities are 4g, 10g, and 10g respectively. The mixture is made by dissolving them, so the answer should list these three herbs along with their respective dosages. The question is straightforward, so the answer should just list them in the order given. I should check if there's any other information that might affect the answer, but the context doesn't mention any other ingredients. So the final answer should be the three herbs with their quantities."
18,unsloth/Qwen3-0.6B-unsloth-bnb-4bit,Expert_SP_EN,Thành phần chính có trong thuốc Alpha-Kiisin là gì?,"Thuốc Alpha-Kiisin được sản xuất bởi Công ty Cổ phần Pymepharco. Thuốc có thành phần chính là Chymotrypsine (hay Alpha-chymotrypsine). Thuốc được chỉ định dùng trong chống viêm, chống phù nề dạng men. Thuốc có dạng viên nén, 1 hộp gồm 10 vỉ x 10 viên.",Thành phần chính có trong thuốc Alpha-Kiisin là Chymotrypsine (hay Alpha-chymotrypsine).,### Final Answer: Thành phần chính trong thuốc Alpha-Kiisin là Chymotrypsine.,"Okay, let's see. The user is asking about the main components of Alpha-Kiisin. I need to check the provided context. The Context says that Alpha-Kiisin is produced by Pymepharco, and its main component is Chymotrypsine. It's a pill containing 10 tablets, each with 10 tablets. So the answer should directly state that the main component is Chymotrypsine. I need to make sure I don't miss any other info, like the dosage or form, but the question only asks for the main components, so that's all."
19,unsloth/Qwen3-0.6B-unsloth-bnb-4bit,Expert_SP_EN,Nêu tên một số loại thuốc có thể gây suy yếu sự bài tiết của bilirubin liên hợp?,"Bilirubin liên hợp được bài tiết qua màng ống mật của tế bào gan, vận chuyển tích cực ngược chiều gradient nồng độ. Sự tái hấp thu của bilirubin liên hợp bởi các tế bào gan được trung gian bởi các chất vận chuyển anion hữu cơ bề mặt. Tăng cường lưu lượng mật (ví dụ bằng cách truyền muối mật) hoặc điều trị bằng phenobarbital làm tăng khả năng bài tiết bilirubin tối đa. Mặt khác, sự bài tiết của bilirubin liên hợp bị suy yếu trong một số tình trạng mắc phải (ví dụ, viêm gan do rượu hoặc virus, ứ mật của thai kỳ) và các rối loạn di truyền. Nó cũng có thể được gây ra bởi nhiều loại thuốc (ví dụ, steroid được alkyl hóa, chlorpromazine).","Một số loại thuốc có thể gây suy yếu sự bài tiết của bilirubin liên hợp bao gồm steroid được alkyl hóa, chlorpromazine.","### Final Answer:  
Số một số loại thuốc có thể gây suy yếu sự bài tiết của bilirubin liên hợp là steroid được alkyl hóa và chlorpromazine.","Okay, let's see. The user is asking for the names of some drugs that can cause the decrease in bilirubin conjugation. I need to check the provided context to find that information.

Looking at the context, it mentions that bilirubin conjugation is increased by transporting through the membrane, and that increased fluid flow or using phenobarbital increases bilirubin excretion. Then it says that in some conditions like hepatitis due to alcohol or virus, the conjugation is weakened. Also, it mentions that bilirubin can be caused by drugs like steroids or chlorpromazine.

So the answer should list these drugs: steroids and chlorpromazine. I need to make sure the names are correct and in Vietnamese. Let me check again. Yes, the context says ""có thể được gây ra bởi nhiều loại thuốc (ví dụ, steroid được alkyl hóa, chlorpromazine)."" So the answer is steroids and chlorpromazine."
